适用于 .NET Framework MSBuild 版本 17.14.40+3e7442088

C:\Program Files (x86)\Microsoft Visual Studio\2022\BuildTools\MSBuild\Microsoft\VC\v170\Microsoft.CppBuild.targets(548,5): warning MSB8029: 中间目录或输出目录无法驻留在临时目录下，因为这可能会导致增量生成出现问题。 [C:\Users\Administrator\Desktop\uo2026\razor-enhanced\RazorEnhanced\Loader\Loader.vcxproj]
  FastColoredTextBox -> C:\Users\Administrator\Desktop\uo2026\razor-enhanced\RazorEnhanced\bin\Win32\Release\FastColoredTextBox.dll
  Ultima -> C:\Users\Administrator\Desktop\uo2026\razor-enhanced\RazorEnhanced\UltimaSDK\bin\Release\Ultima.dll
  Loader.vcxproj -> C:\Users\Administrator\Desktop\uo2026\razor-enhanced\RazorEnhanced\bin\Win32\Release\Loader.dll
C:\Program Files (x86)\Microsoft Visual Studio\2022\BuildTools\MSBuild\Microsoft\VC\v170\Microsoft.CppBuild.targets(548,5): warning MSB8029: 中间目录或输出目录无法驻留在临时目录下，因为这可能会导致增量生成出现问题。 [C:\Users\Administrator\Desktop\uo2026\razor-enhanced\RazorEnhanced\Crypt\Crypt.vcxproj]
  Crypt.vcxproj -> C:\Users\Administrator\Desktop\uo2026\razor-enhanced\RazorEnhanced\bin\Win32\Release\Crypt.dll
C:\Program Files (x86)\Microsoft Visual Studio\2022\BuildTools\MSBuild\Current\Bin\Microsoft.Common.CurrentVersion.targets(2433,5): warning MSB3277: 发现无法解析的“System.Net.Http”的不同版本之间存在冲突。 [C:\Users\Administrator\Desktop\uo2026\razor-enhanced\RazorEnhanced\Razor\Razor.csproj]
C:\Program Files (x86)\Microsoft Visual Studio\2022\BuildTools\MSBuild\Current\Bin\Microsoft.Common.CurrentVersion.targets(2433,5): warning MSB3277: “System.Net.Http, Version=4.1.1.3, Culture=neutral, PublicKeyToken=b03f5f7f11d50a3a”与“System.Net.Http, Version=4.2.0.0, Culture=neutral, PublicKeyToken=b03f5f7f11d50a3a”之间存在冲突。 [C:\Users\Administrator\Desktop\uo2026\razor-enhanced\RazorEnhanced\Razor\Razor.csproj]
C:\Program Files (x86)\Microsoft Visual Studio\2022\BuildTools\MSBuild\Current\Bin\Microsoft.Common.CurrentVersion.targets(2433,5): warning MSB3277:     已选择“System.Net.Http, Version=4.1.1.3, Culture=neutral, PublicKeyToken=b03f5f7f11d50a3a”，因为它是主版本而“System.Net.Http, Version=4.2.0.0, Culture=neutral, PublicKeyToken=b03f5f7f11d50a3a”不是。 [C:\Users\Administrator\Desktop\uo2026\razor-enhanced\RazorEnhanced\Razor\Razor.csproj]
C:\Program Files (x86)\Microsoft Visual Studio\2022\BuildTools\MSBuild\Current\Bin\Microsoft.Common.CurrentVersion.targets(2433,5): warning MSB3277:     依赖于“System.Net.Http, Version=4.1.1.3, Culture=neutral, PublicKeyToken=b03f5f7f11d50a3a”[C:\Users\Administrator\Desktop\uo2026\razor-enhanced\RazorEnhanced\packages\System.Net.Http.4.3.4\lib\net46\System.Net.Http.dll]的引用。 [C:\Users\Administrator\Desktop\uo2026\razor-enhanced\RazorEnhanced\Razor\Razor.csproj]
C:\Program Files (x86)\Microsoft Visual Studio\2022\BuildTools\MSBuild\Current\Bin\Microsoft.Common.CurrentVersion.targets(2433,5): warning MSB3277:         C:\Users\Administrator\Desktop\uo2026\razor-enhanced\RazorEnhanced\packages\System.Net.Http.4.3.4\lib\net46\System.Net.Http.dll [C:\Users\Administrator\Desktop\uo2026\razor-enhanced\RazorEnhanced\Razor\Razor.csproj]
C:\Program Files (x86)\Microsoft Visual Studio\2022\BuildTools\MSBuild\Current\Bin\Microsoft.Common.CurrentVersion.targets(2433,5): warning MSB3277:           导致引用“C:\Users\Administrator\Desktop\uo2026\razor-enhanced\RazorEnhanced\packages\System.Net.Http.4.3.4\lib\net46\System.Net.Http.dll”的项目文件项 Include 特性。 [C:\Users\Administrator\Desktop\uo2026\razor-enhanced\RazorEnhanced\Razor\Razor.csproj]
C:\Program Files (x86)\Microsoft Visual Studio\2022\BuildTools\MSBuild\Current\Bin\Microsoft.Common.CurrentVersion.targets(2433,5): warning MSB3277:             System.Net.Http, Version=4.1.1.3, Culture=neutral, PublicKeyToken=b03f5f7f11d50a3a, processorArchitecture=MSIL [C:\Users\Administrator\Desktop\uo2026\razor-enhanced\RazorEnhanced\Razor\Razor.csproj]
C:\Program Files (x86)\Microsoft Visual Studio\2022\BuildTools\MSBuild\Current\Bin\Microsoft.Common.CurrentVersion.targets(2433,5): warning MSB3277:     依赖于或已统一到“System.Net.Http, Version=4.2.0.0, Culture=neutral, PublicKeyToken=b03f5f7f11d50a3a”[C:\Program Files (x86)\Reference Assemblies\Microsoft\Framework\.NETFramework\v4.7.2\System.Net.Http.dll] 的引用。 [C:\Users\Administrator\Desktop\uo2026\razor-enhanced\RazorEnhanced\Razor\Razor.csproj]
C:\Program Files (x86)\Microsoft Visual Studio\2022\BuildTools\MSBuild\Current\Bin\Microsoft.Common.CurrentVersion.targets(2433,5): warning MSB3277:         C:\Users\Administrator\Desktop\uo2026\razor-enhanced\RazorEnhanced\packages\Consul.1.7.14.7\lib\net461\Consul.dll [C:\Users\Administrator\Desktop\uo2026\razor-enhanced\RazorEnhanced\Razor\Razor.csproj]
C:\Program Files (x86)\Microsoft Visual Studio\2022\BuildTools\MSBuild\Current\Bin\Microsoft.Common.CurrentVersion.targets(2433,5): warning MSB3277:           导致引用“C:\Users\Administrator\Desktop\uo2026\razor-enhanced\RazorEnhanced\packages\Consul.1.7.14.7\lib\net461\Consul.dll”的项目文件项 Include 特性。 [C:\Users\Administrator\Desktop\uo2026\razor-enhanced\RazorEnhanced\Razor\Razor.csproj]
C:\Program Files (x86)\Microsoft Visual Studio\2022\BuildTools\MSBuild\Current\Bin\Microsoft.Common.CurrentVersion.targets(2433,5): warning MSB3277:             Consul, Version=1.7.14.7, Culture=neutral, PublicKeyToken=20a6ad9a81df1d95, processorArchitecture=MSIL [C:\Users\Administrator\Desktop\uo2026\razor-enhanced\RazorEnhanced\Razor\Razor.csproj]
C:\Program Files (x86)\Microsoft Visual Studio\2022\BuildTools\MSBuild\Current\Bin\Microsoft.Common.CurrentVersion.targets(2433,5): warning MSB3277:         C:\Users\Administrator\Desktop\uo2026\razor-enhanced\RazorEnhanced\packages\HtmlAgilityPack.1.11.73\lib\Net45\HtmlAgilityPack.dll [C:\Users\Administrator\Desktop\uo2026\razor-enhanced\RazorEnhanced\Razor\Razor.csproj]
C:\Program Files (x86)\Microsoft Visual Studio\2022\BuildTools\MSBuild\Current\Bin\Microsoft.Common.CurrentVersion.targets(2433,5): warning MSB3277:           导致引用“C:\Users\Administrator\Desktop\uo2026\razor-enhanced\RazorEnhanced\packages\HtmlAgilityPack.1.11.73\lib\Net45\HtmlAgilityPack.dll”的项目文件项 Include 特性。 [C:\Users\Administrator\Desktop\uo2026\razor-enhanced\RazorEnhanced\Razor\Razor.csproj]
C:\Program Files (x86)\Microsoft Visual Studio\2022\BuildTools\MSBuild\Current\Bin\Microsoft.Common.CurrentVersion.targets(2433,5): warning MSB3277:             HtmlAgilityPack, Version=1.11.73.0, Culture=neutral, PublicKeyToken=bd319b19eaf3b43a, processorArchitecture=MSIL [C:\Users\Administrator\Desktop\uo2026\razor-enhanced\RazorEnhanced\Razor\Razor.csproj]
C:\Program Files (x86)\Microsoft Visual Studio\2022\BuildTools\MSBuild\Current\Bin\Microsoft.Common.CurrentVersion.targets(2433,5): warning MSB3270: 所生成项目的处理器架构“MSIL”与引用“Accord.Video.FFMPEG, Version=3.8.0.0, Culture=neutral, PublicKeyToken=fa1a88e29555ccf7, processorArchitecture=x86”的处理器架构“x86”不匹配。这种不匹配可能会导致运行时失败。请考虑通过配置管理器更改您的项目的目标处理器架构，以使您的项目与引用间的处理器架构保持一致，或者为引用关联一个与您的项目的目标处理器架构相符的处理器架构。 [C:\Users\Administrator\Desktop\uo2026\razor-enhanced\RazorEnhanced\Razor\Razor.csproj]
C:\Program Files (x86)\Microsoft Visual Studio\2022\BuildTools\MSBuild\Current\Bin\Microsoft.Common.CurrentVersion.targets(2433,5): warning MSB3270: 所生成项目的处理器架构“MSIL”与引用“cuoapi, Version=1.3.0.0, Culture=neutral, processorArchitecture=AMD64”的处理器架构“AMD64”不匹配。这种不匹配可能会导致运行时失败。请考虑通过配置管理器更改您的项目的目标处理器架构，以使您的项目与引用间的处理器架构保持一致，或者为引用关联一个与您的项目的目标处理器架构相符的处理器架构。 [C:\Users\Administrator\Desktop\uo2026\razor-enhanced\RazorEnhanced\Razor\Razor.csproj]
C:\Users\Administrator\Desktop\uo2026\razor-enhanced\RazorEnhanced\Razor\RazorEnhanced\Spells.cs(7,7): warning CS0105: “Newtonsoft.Json”的 using 指令以前在此命名空间中出现过 [C:\Users\Administrator\Desktop\uo2026\razor-enhanced\RazorEnhanced\Razor\Razor.csproj]
C:\Users\Administrator\Desktop\uo2026\razor-enhanced\RazorEnhanced\Razor\Client\ClassicUO.cs(435,22): warning CS0114: “ClassicUOClient.OnDisconnected()”隐藏继承的成员“Client.OnDisconnected()”。若要使当前成员重写该实现，请添加关键字 override。否则，添加关键字 new。 [C:\Users\Administrator\Desktop\uo2026\razor-enhanced\RazorEnhanced\Razor\Razor.csproj]
C:\Users\Administrator\Desktop\uo2026\razor-enhanced\RazorEnhanced\Razor\Client\ClassicUO.cs(440,22): warning CS0114: “ClassicUOClient.OnConnected()”隐藏继承的成员“Client.OnConnected()”。若要使当前成员重写该实现，请添加关键字 override。否则，添加关键字 new。 [C:\Users\Administrator\Desktop\uo2026\razor-enhanced\RazorEnhanced\Razor\Razor.csproj]
C:\Users\Administrator\Desktop\uo2026\razor-enhanced\RazorEnhanced\Razor\RazorEnhanced\Item.cs(30,20): warning CS0108: “Item.Serial”隐藏继承的成员“UOEntity.Serial”。如果是有意隐藏，请使用关键字 new。 [C:\Users\Administrator\Desktop\uo2026\razor-enhanced\RazorEnhanced\Razor\Razor.csproj]
C:\Users\Administrator\Desktop\uo2026\razor-enhanced\RazorEnhanced\Razor\RazorEnhanced\Item.cs(31,23): warning CS0114: “Item.Hue”隐藏继承的成员“UOEntity.Hue”。若要使当前成员重写该实现，请添加关键字 override。否则，添加关键字 new。 [C:\Users\Administrator\Desktop\uo2026\razor-enhanced\RazorEnhanced\Razor\Razor.csproj]
C:\Users\Administrator\Desktop\uo2026\razor-enhanced\RazorEnhanced\Razor\RazorEnhanced\Mobile.cs(33,20): warning CS0108: “Mobile.Serial”隐藏继承的成员“UOEntity.Serial”。如果是有意隐藏，请使用关键字 new。 [C:\Users\Administrator\Desktop\uo2026\razor-enhanced\RazorEnhanced\Razor\Razor.csproj]
C:\Users\Administrator\Desktop\uo2026\razor-enhanced\RazorEnhanced\Razor\RazorEnhanced\Mobile.cs(67,23): warning CS0108: “Mobile.Body”隐藏继承的成员“UOEntity.Body”。如果是有意隐藏，请使用关键字 new。 [C:\Users\Administrator\Desktop\uo2026\razor-enhanced\RazorEnhanced\Razor\Razor.csproj]
C:\Users\Administrator\Desktop\uo2026\razor-enhanced\RazorEnhanced\Razor\RazorEnhanced\Mobile.cs(89,23): warning CS0114: “Mobile.Hue”隐藏继承的成员“UOEntity.Hue”。若要使当前成员重写该实现，请添加关键字 override。否则，添加关键字 new。 [C:\Users\Administrator\Desktop\uo2026\razor-enhanced\RazorEnhanced\Razor\Razor.csproj]
C:\Users\Administrator\Desktop\uo2026\razor-enhanced\RazorEnhanced\Razor\RazorEnhanced\EnhancedScript.cs(338,13): warning CS0162: 检测到无法访问的代码 [C:\Users\Administrator\Desktop\uo2026\razor-enhanced\RazorEnhanced\Razor\Razor.csproj]
C:\Users\Administrator\Desktop\uo2026\razor-enhanced\RazorEnhanced\Razor\RazorEnhanced\Macros\MacroManager.cs(602,13): warning CS0162: 检测到无法访问的代码 [C:\Users\Administrator\Desktop\uo2026\razor-enhanced\RazorEnhanced\Razor\Razor.csproj]
C:\Users\Administrator\Desktop\uo2026\razor-enhanced\RazorEnhanced\Razor\RazorEnhanced\Proto-Control\ProtoControlServer.cs(69,25): warning CS4014: 由于此调用不会等待，因此在此调用完成之前将会继续执行当前方法。请考虑将 "await" 运算符应用于调用结果。 [C:\Users\Administrator\Desktop\uo2026\razor-enhanced\RazorEnhanced\Razor\Razor.csproj]
C:\Users\Administrator\Desktop\uo2026\razor-enhanced\RazorEnhanced\Razor\RazorEnhanced\Proto-Control\ProtoControlServer.cs(70,25): warning CS4014: 由于此调用不会等待，因此在此调用完成之前将会继续执行当前方法。请考虑将 "await" 运算符应用于调用结果。 [C:\Users\Administrator\Desktop\uo2026\razor-enhanced\RazorEnhanced\Razor\Razor.csproj]
C:\Users\Administrator\Desktop\uo2026\razor-enhanced\RazorEnhanced\Razor\RazorEnhanced\Proto-Control\ProtoControlServer.cs(76,25): warning CS4014: 由于此调用不会等待，因此在此调用完成之前将会继续执行当前方法。请考虑将 "await" 运算符应用于调用结果。 [C:\Users\Administrator\Desktop\uo2026\razor-enhanced\RazorEnhanced\Razor\Razor.csproj]
C:\Users\Administrator\Desktop\uo2026\razor-enhanced\RazorEnhanced\Razor\RazorEnhanced\Proto-Control\ProtoControlServer.cs(82,25): warning CS4014: 由于此调用不会等待，因此在此调用完成之前将会继续执行当前方法。请考虑将 "await" 运算符应用于调用结果。 [C:\Users\Administrator\Desktop\uo2026\razor-enhanced\RazorEnhanced\Razor\Razor.csproj]
C:\Users\Administrator\Desktop\uo2026\razor-enhanced\RazorEnhanced\Razor\RazorEnhanced\Proto-Control\ProtoControlServer.cs(88,25): warning CS4014: 由于此调用不会等待，因此在此调用完成之前将会继续执行当前方法。请考虑将 "await" 运算符应用于调用结果。 [C:\Users\Administrator\Desktop\uo2026\razor-enhanced\RazorEnhanced\Razor\Razor.csproj]
C:\Users\Administrator\Desktop\uo2026\razor-enhanced\RazorEnhanced\Razor\RazorEnhanced\Proto-Control\ProtoControlServer.cs(136,33): warning CS4014: 由于此调用不会等待，因此在此调用完成之前将会继续执行当前方法。请考虑将 "await" 运算符应用于调用结果。 [C:\Users\Administrator\Desktop\uo2026\razor-enhanced\RazorEnhanced\Razor\Razor.csproj]
C:\Users\Administrator\Desktop\uo2026\razor-enhanced\RazorEnhanced\Razor\RazorEnhanced\Proto-Control\ProtoControlServer.cs(143,33): warning CS4014: 由于此调用不会等待，因此在此调用完成之前将会继续执行当前方法。请考虑将 "await" 运算符应用于调用结果。 [C:\Users\Administrator\Desktop\uo2026\razor-enhanced\RazorEnhanced\Razor\Razor.csproj]
C:\Users\Administrator\Desktop\uo2026\razor-enhanced\RazorEnhanced\Razor\RazorEnhanced\Proto-Control\ProtoControlServer.cs(169,29): warning CS4014: 由于此调用不会等待，因此在此调用完成之前将会继续执行当前方法。请考虑将 "await" 运算符应用于调用结果。 [C:\Users\Administrator\Desktop\uo2026\razor-enhanced\RazorEnhanced\Razor\Razor.csproj]
C:\Users\Administrator\Desktop\uo2026\razor-enhanced\RazorEnhanced\Razor\RazorEnhanced\Proto-Control\ProtoControlServer.cs(187,41): warning CS4014: 由于此调用不会等待，因此在此调用完成之前将会继续执行当前方法。请考虑将 "await" 运算符应用于调用结果。 [C:\Users\Administrator\Desktop\uo2026\razor-enhanced\RazorEnhanced\Razor\Razor.csproj]
C:\Users\Administrator\Desktop\uo2026\razor-enhanced\RazorEnhanced\Razor\RazorEnhanced\Proto-Control\ProtoControlServer.cs(194,41): warning CS4014: 由于此调用不会等待，因此在此调用完成之前将会继续执行当前方法。请考虑将 "await" 运算符应用于调用结果。 [C:\Users\Administrator\Desktop\uo2026\razor-enhanced\RazorEnhanced\Razor\Razor.csproj]
C:\Users\Administrator\Desktop\uo2026\razor-enhanced\RazorEnhanced\Razor\RazorEnhanced\Proto-Control\ProtoControlServer.cs(214,25): warning CS4014: 由于此调用不会等待，因此在此调用完成之前将会继续执行当前方法。请考虑将 "await" 运算符应用于调用结果。 [C:\Users\Administrator\Desktop\uo2026\razor-enhanced\RazorEnhanced\Razor\Razor.csproj]
C:\Users\Administrator\Desktop\uo2026\razor-enhanced\RazorEnhanced\Razor\RazorEnhanced\Proto-Control\ProtoControlServer.cs(258,41): warning CS4014: 由于此调用不会等待，因此在此调用完成之前将会继续执行当前方法。请考虑将 "await" 运算符应用于调用结果。 [C:\Users\Administrator\Desktop\uo2026\razor-enhanced\RazorEnhanced\Razor\Razor.csproj]
C:\Users\Administrator\Desktop\uo2026\razor-enhanced\RazorEnhanced\Razor\RazorEnhanced\Proto-Control\ProtoControlServer.cs(261,33): warning CS4014: 由于此调用不会等待，因此在此调用完成之前将会继续执行当前方法。请考虑将 "await" 运算符应用于调用结果。 [C:\Users\Administrator\Desktop\uo2026\razor-enhanced\RazorEnhanced\Razor\Razor.csproj]
C:\Users\Administrator\Desktop\uo2026\razor-enhanced\RazorEnhanced\Razor\RazorEnhanced\Proto-Control\ProtoControlServer.cs(273,21): warning CS0162: 检测到无法访问的代码 [C:\Users\Administrator\Desktop\uo2026\razor-enhanced\RazorEnhanced\Razor\Razor.csproj]
C:\Users\Administrator\Desktop\uo2026\razor-enhanced\RazorEnhanced\Razor\RazorEnhanced\Proto-Control\ProtoControlServer.cs(133,52): warning CS1998: This async method lacks 'await' operators and will run synchronously. Consider using the 'await' operator to await non-blocking API calls, or 'await Task.Run(...)' to do CPU-bound work on a background thread. [C:\Users\Administrator\Desktop\uo2026\razor-enhanced\RazorEnhanced\Razor\Razor.csproj]
C:\Users\Administrator\Desktop\uo2026\razor-enhanced\RazorEnhanced\Razor\RazorEnhanced\Proto-Control\ProtoControlServer.cs(140,52): warning CS1998: This async method lacks 'await' operators and will run synchronously. Consider using the 'await' operator to await non-blocking API calls, or 'await Task.Run(...)' to do CPU-bound work on a background thread. [C:\Users\Administrator\Desktop\uo2026\razor-enhanced\RazorEnhanced\Razor\Razor.csproj]
C:\Users\Administrator\Desktop\uo2026\razor-enhanced\RazorEnhanced\Razor\RazorEnhanced\Proto-Control\ProtoControlServer.cs(184,60): warning CS1998: This async method lacks 'await' operators and will run synchronously. Consider using the 'await' operator to await non-blocking API calls, or 'await Task.Run(...)' to do CPU-bound work on a background thread. [C:\Users\Administrator\Desktop\uo2026\razor-enhanced\RazorEnhanced\Razor\Razor.csproj]
C:\Users\Administrator\Desktop\uo2026\razor-enhanced\RazorEnhanced\Razor\RazorEnhanced\Proto-Control\ProtoControlServer.cs(191,60): warning CS1998: This async method lacks 'await' operators and will run synchronously. Consider using the 'await' operator to await non-blocking API calls, or 'await Task.Run(...)' to do CPU-bound work on a background thread. [C:\Users\Administrator\Desktop\uo2026\razor-enhanced\RazorEnhanced\Razor\Razor.csproj]
C:\Users\Administrator\Desktop\uo2026\razor-enhanced\RazorEnhanced\Razor\RazorEnhanced\Proto-Control\ProtoControlServer.cs(111,27): warning CS1998: This async method lacks 'await' operators and will run synchronously. Consider using the 'await' operator to await non-blocking API calls, or 'await Task.Run(...)' to do CPU-bound work on a background thread. [C:\Users\Administrator\Desktop\uo2026\razor-enhanced\RazorEnhanced\Razor\Razor.csproj]
C:\Users\Administrator\Desktop\uo2026\razor-enhanced\RazorEnhanced\Razor\RazorEnhanced\Proto-Control\ProtoControlServer.cs(301,13): warning CS4014: 由于此调用不会等待，因此在此调用完成之前将会继续执行当前方法。请考虑将 "await" 运算符应用于调用结果。 [C:\Users\Administrator\Desktop\uo2026\razor-enhanced\RazorEnhanced\Razor\Razor.csproj]
C:\Users\Administrator\Desktop\uo2026\razor-enhanced\RazorEnhanced\Razor\RazorEnhanced\Proto-Control\ProtoControlServer.cs(329,13): warning CS4014: 由于此调用不会等待，因此在此调用完成之前将会继续执行当前方法。请考虑将 "await" 运算符应用于调用结果。 [C:\Users\Administrator\Desktop\uo2026\razor-enhanced\RazorEnhanced\Razor\Razor.csproj]
C:\Users\Administrator\Desktop\uo2026\razor-enhanced\RazorEnhanced\Razor\RazorEnhanced\Proto-Control\ProtoControlServer.cs(344,13): warning CS4014: 由于此调用不会等待，因此在此调用完成之前将会继续执行当前方法。请考虑将 "await" 运算符应用于调用结果。 [C:\Users\Administrator\Desktop\uo2026\razor-enhanced\RazorEnhanced\Razor\Razor.csproj]
C:\Users\Administrator\Desktop\uo2026\razor-enhanced\RazorEnhanced\Razor\RazorEnhanced\Proto-Control\ProtoControlServer.cs(347,27): warning CS1998: This async method lacks 'await' operators and will run synchronously. Consider using the 'await' operator to await non-blocking API calls, or 'await Task.Run(...)' to do CPU-bound work on a background thread. [C:\Users\Administrator\Desktop\uo2026\razor-enhanced\RazorEnhanced\Razor\Razor.csproj]
C:\Users\Administrator\Desktop\uo2026\razor-enhanced\RazorEnhanced\Razor\RazorEnhanced\Proto-Control\ProtoControlServer.cs(432,25): warning CS4014: 由于此调用不会等待，因此在此调用完成之前将会继续执行当前方法。请考虑将 "await" 运算符应用于调用结果。 [C:\Users\Administrator\Desktop\uo2026\razor-enhanced\RazorEnhanced\Razor\Razor.csproj]
C:\Users\Administrator\Desktop\uo2026\razor-enhanced\RazorEnhanced\Razor\RazorEnhanced\Proto-Control\ProtoControlServer.cs(428,65): warning CS1998: This async method lacks 'await' operators and will run synchronously. Consider using the 'await' operator to await non-blocking API calls, or 'await Task.Run(...)' to do CPU-bound work on a background thread. [C:\Users\Administrator\Desktop\uo2026\razor-enhanced\RazorEnhanced\Razor\Razor.csproj]
C:\Users\Administrator\Desktop\uo2026\razor-enhanced\RazorEnhanced\Razor\RazorEnhanced\Proto-Control\ProtoControlServer.cs(517,27): warning CS1998: This async method lacks 'await' operators and will run synchronously. Consider using the 'await' operator to await non-blocking API calls, or 'await Task.Run(...)' to do CPU-bound work on a background thread. [C:\Users\Administrator\Desktop\uo2026\razor-enhanced\RazorEnhanced\Razor\Razor.csproj]
C:\Users\Administrator\Desktop\uo2026\razor-enhanced\RazorEnhanced\Razor\RazorEnhanced\Proto-Control\ProtoControlServer.cs(589,21): warning CS4014: 由于此调用不会等待，因此在此调用完成之前将会继续执行当前方法。请考虑将 "await" 运算符应用于调用结果。 [C:\Users\Administrator\Desktop\uo2026\razor-enhanced\RazorEnhanced\Razor\Razor.csproj]
C:\Users\Administrator\Desktop\uo2026\razor-enhanced\RazorEnhanced\Razor\RazorEnhanced\Spells.cs(115,29): warning CS0162: 检测到无法访问的代码 [C:\Users\Administrator\Desktop\uo2026\razor-enhanced\RazorEnhanced\Razor\Razor.csproj]
C:\Users\Administrator\Desktop\uo2026\razor-enhanced\RazorEnhanced\Razor\RazorEnhanced\UOSteamEngine.cs(6561,21): warning CS0162: 检测到无法访问的代码 [C:\Users\Administrator\Desktop\uo2026\razor-enhanced\RazorEnhanced\Razor\Razor.csproj]
C:\Users\Administrator\Desktop\uo2026\razor-enhanced\RazorEnhanced\Razor\RazorEnhanced\UOSteamEngine.cs(3224,21): warning CS0162: 检测到无法访问的代码 [C:\Users\Administrator\Desktop\uo2026\razor-enhanced\RazorEnhanced\Razor\Razor.csproj]
C:\Users\Administrator\Desktop\uo2026\razor-enhanced\RazorEnhanced\Razor\RazorEnhanced\UOSteamEngine.cs(3230,21): warning CS0162: 检测到无法访问的代码 [C:\Users\Administrator\Desktop\uo2026\razor-enhanced\RazorEnhanced\Razor\Razor.csproj]
C:\Users\Administrator\Desktop\uo2026\razor-enhanced\RazorEnhanced\Razor\RazorEnhanced\UOSteamEngine.cs(4931,13): warning CS0162: 检测到无法访问的代码 [C:\Users\Administrator\Desktop\uo2026\razor-enhanced\RazorEnhanced\Razor\Razor.csproj]
C:\Users\Administrator\Desktop\uo2026\razor-enhanced\RazorEnhanced\Razor\UI\Other\Profile.cs(65,17): warning CS0253: 可能非有意的引用比较；若要获取值比较，请将右边转换为类型“string” [C:\Users\Administrator\Desktop\uo2026\razor-enhanced\RazorEnhanced\Razor\Razor.csproj]
C:\Users\Administrator\Desktop\uo2026\razor-enhanced\RazorEnhanced\Razor\RazorEnhanced\EnhancedScript.cs(167,53): warning CS0067: 从不使用事件“EnhancedScript.OnOutput” [C:\Users\Administrator\Desktop\uo2026\razor-enhanced\RazorEnhanced\Razor\Razor.csproj]
C:\Users\Administrator\Desktop\uo2026\razor-enhanced\RazorEnhanced\Razor\Core\Mobile.cs(43,22): warning CS0169: 从不使用字段“Mobile.m_Mounted” [C:\Users\Administrator\Desktop\uo2026\razor-enhanced\RazorEnhanced\Razor\Razor.csproj]
C:\Users\Administrator\Desktop\uo2026\razor-enhanced\RazorEnhanced\Razor\RazorEnhanced\UOSteamEngine.cs(5865,24): warning CS0169: 从不使用字段“UOSCompiledScript.DebugWriter” [C:\Users\Administrator\Desktop\uo2026\razor-enhanced\RazorEnhanced\Razor\Razor.csproj]
  Razor -> C:\Users\Administrator\Desktop\uo2026\razor-enhanced\RazorEnhanced\bin\Win32\Release\RazorEnhanced.exe
  C:\Users\Administrator\Desktop\uo2026\razor-enhanced\RazorEnhanced\packages\IronPython.StdLib.3.4.2\contentFiles\any\any\lib\abc.py
  C:\Users\Administrator\Desktop\uo2026\razor-enhanced\RazorEnhanced\packages\IronPython.StdLib.3.4.2\contentFiles\any\any\lib\aifc.py
  C:\Users\Administrator\Desktop\uo2026\razor-enhanced\RazorEnhanced\packages\IronPython.StdLib.3.4.2\contentFiles\any\any\lib\antigravity.py
  C:\Users\Administrator\Desktop\uo2026\razor-enhanced\RazorEnhanced\packages\IronPython.StdLib.3.4.2\contentFiles\any\any\lib\argparse.py
  C:\Users\Administrator\Desktop\uo2026\razor-enhanced\RazorEnhanced\packages\IronPython.StdLib.3.4.2\contentFiles\any\any\lib\ast.py
  C:\Users\Administrator\Desktop\uo2026\razor-enhanced\RazorEnhanced\packages\IronPython.StdLib.3.4.2\contentFiles\any\any\lib\asynchat.py
  C:\Users\Administrator\Desktop\uo2026\razor-enhanced\RazorEnhanced\packages\IronPython.StdLib.3.4.2\contentFiles\any\any\lib\asyncore.py
  C:\Users\Administrator\Desktop\uo2026\razor-enhanced\RazorEnhanced\packages\IronPython.StdLib.3.4.2\contentFiles\any\any\lib\base64.py
  C:\Users\Administrator\Desktop\uo2026\razor-enhanced\RazorEnhanced\packages\IronPython.StdLib.3.4.2\contentFiles\any\any\lib\bdb.py
  C:\Users\Administrator\Desktop\uo2026\razor-enhanced\RazorEnhanced\packages\IronPython.StdLib.3.4.2\contentFiles\any\any\lib\binhex.py
  C:\Users\Administrator\Desktop\uo2026\razor-enhanced\RazorEnhanced\packages\IronPython.StdLib.3.4.2\contentFiles\any\any\lib\bisect.py
  C:\Users\Administrator\Desktop\uo2026\razor-enhanced\RazorEnhanced\packages\IronPython.StdLib.3.4.2\contentFiles\any\any\lib\bz2.py
  C:\Users\Administrator\Desktop\uo2026\razor-enhanced\RazorEnhanced\packages\IronPython.StdLib.3.4.2\contentFiles\any\any\lib\calendar.py
  C:\Users\Administrator\Desktop\uo2026\razor-enhanced\RazorEnhanced\packages\IronPython.StdLib.3.4.2\contentFiles\any\any\lib\cgi.py
  C:\Users\Administrator\Desktop\uo2026\razor-enhanced\RazorEnhanced\packages\IronPython.StdLib.3.4.2\contentFiles\any\any\lib\cgitb.py
  C:\Users\Administrator\Desktop\uo2026\razor-enhanced\RazorEnhanced\packages\IronPython.StdLib.3.4.2\contentFiles\any\any\lib\chunk.py
  C:\Users\Administrator\Desktop\uo2026\razor-enhanced\RazorEnhanced\packages\IronPython.StdLib.3.4.2\contentFiles\any\any\lib\clrtype.py
  C:\Users\Administrator\Desktop\uo2026\razor-enhanced\RazorEnhanced\packages\IronPython.StdLib.3.4.2\contentFiles\any\any\lib\cmd.py
  C:\Users\Administrator\Desktop\uo2026\razor-enhanced\RazorEnhanced\packages\IronPython.StdLib.3.4.2\contentFiles\any\any\lib\code.py
  C:\Users\Administrator\Desktop\uo2026\razor-enhanced\RazorEnhanced\packages\IronPython.StdLib.3.4.2\contentFiles\any\any\lib\codecs.py
  C:\Users\Administrator\Desktop\uo2026\razor-enhanced\RazorEnhanced\packages\IronPython.StdLib.3.4.2\contentFiles\any\any\lib\codeop.py
  C:\Users\Administrator\Desktop\uo2026\razor-enhanced\RazorEnhanced\packages\IronPython.StdLib.3.4.2\contentFiles\any\any\lib\colorsys.py
  C:\Users\Administrator\Desktop\uo2026\razor-enhanced\RazorEnhanced\packages\IronPython.StdLib.3.4.2\contentFiles\any\any\lib\compileall.py
  C:\Users\Administrator\Desktop\uo2026\razor-enhanced\RazorEnhanced\packages\IronPython.StdLib.3.4.2\contentFiles\any\any\lib\configparser.py
  C:\Users\Administrator\Desktop\uo2026\razor-enhanced\RazorEnhanced\packages\IronPython.StdLib.3.4.2\contentFiles\any\any\lib\contextlib.py
  C:\Users\Administrator\Desktop\uo2026\razor-enhanced\RazorEnhanced\packages\IronPython.StdLib.3.4.2\contentFiles\any\any\lib\copy.py
  C:\Users\Administrator\Desktop\uo2026\razor-enhanced\RazorEnhanced\packages\IronPython.StdLib.3.4.2\contentFiles\any\any\lib\copyreg.py
  C:\Users\Administrator\Desktop\uo2026\razor-enhanced\RazorEnhanced\packages\IronPython.StdLib.3.4.2\contentFiles\any\any\lib\cProfile.py
  C:\Users\Administrator\Desktop\uo2026\razor-enhanced\RazorEnhanced\packages\IronPython.StdLib.3.4.2\contentFiles\any\any\lib\crypt.py
  C:\Users\Administrator\Desktop\uo2026\razor-enhanced\RazorEnhanced\packages\IronPython.StdLib.3.4.2\contentFiles\any\any\lib\csv.py
  C:\Users\Administrator\Desktop\uo2026\razor-enhanced\RazorEnhanced\packages\IronPython.StdLib.3.4.2\contentFiles\any\any\lib\datetime.py
  C:\Users\Administrator\Desktop\uo2026\razor-enhanced\RazorEnhanced\packages\IronPython.StdLib.3.4.2\contentFiles\any\any\lib\decimal.py
  C:\Users\Administrator\Desktop\uo2026\razor-enhanced\RazorEnhanced\packages\IronPython.StdLib.3.4.2\contentFiles\any\any\lib\difflib.py
  C:\Users\Administrator\Desktop\uo2026\razor-enhanced\RazorEnhanced\packages\IronPython.StdLib.3.4.2\contentFiles\any\any\lib\dis.py
  C:\Users\Administrator\Desktop\uo2026\razor-enhanced\RazorEnhanced\packages\IronPython.StdLib.3.4.2\contentFiles\any\any\lib\doctest.py
  C:\Users\Administrator\Desktop\uo2026\razor-enhanced\RazorEnhanced\packages\IronPython.StdLib.3.4.2\contentFiles\any\any\lib\dummy_threading.py
  C:\Users\Administrator\Desktop\uo2026\razor-enhanced\RazorEnhanced\packages\IronPython.StdLib.3.4.2\contentFiles\any\any\lib\enum.py
  C:\Users\Administrator\Desktop\uo2026\razor-enhanced\RazorEnhanced\packages\IronPython.StdLib.3.4.2\contentFiles\any\any\lib\filecmp.py
  C:\Users\Administrator\Desktop\uo2026\razor-enhanced\RazorEnhanced\packages\IronPython.StdLib.3.4.2\contentFiles\any\any\lib\fileinput.py
  C:\Users\Administrator\Desktop\uo2026\razor-enhanced\RazorEnhanced\packages\IronPython.StdLib.3.4.2\contentFiles\any\any\lib\fnmatch.py
  C:\Users\Administrator\Desktop\uo2026\razor-enhanced\RazorEnhanced\packages\IronPython.StdLib.3.4.2\contentFiles\any\any\lib\formatter.py
  C:\Users\Administrator\Desktop\uo2026\razor-enhanced\RazorEnhanced\packages\IronPython.StdLib.3.4.2\contentFiles\any\any\lib\fractions.py
  C:\Users\Administrator\Desktop\uo2026\razor-enhanced\RazorEnhanced\packages\IronPython.StdLib.3.4.2\contentFiles\any\any\lib\ftplib.py
  C:\Users\Administrator\Desktop\uo2026\razor-enhanced\RazorEnhanced\packages\IronPython.StdLib.3.4.2\contentFiles\any\any\lib\functools.py
  C:\Users\Administrator\Desktop\uo2026\razor-enhanced\RazorEnhanced\packages\IronPython.StdLib.3.4.2\contentFiles\any\any\lib\genericpath.py
  C:\Users\Administrator\Desktop\uo2026\razor-enhanced\RazorEnhanced\packages\IronPython.StdLib.3.4.2\contentFiles\any\any\lib\getopt.py
  C:\Users\Administrator\Desktop\uo2026\razor-enhanced\RazorEnhanced\packages\IronPython.StdLib.3.4.2\contentFiles\any\any\lib\getpass.py
  C:\Users\Administrator\Desktop\uo2026\razor-enhanced\RazorEnhanced\packages\IronPython.StdLib.3.4.2\contentFiles\any\any\lib\gettext.py
  C:\Users\Administrator\Desktop\uo2026\razor-enhanced\RazorEnhanced\packages\IronPython.StdLib.3.4.2\contentFiles\any\any\lib\glob.py
  C:\Users\Administrator\Desktop\uo2026\razor-enhanced\RazorEnhanced\packages\IronPython.StdLib.3.4.2\contentFiles\any\any\lib\gzip.py
  C:\Users\Administrator\Desktop\uo2026\razor-enhanced\RazorEnhanced\packages\IronPython.StdLib.3.4.2\contentFiles\any\any\lib\hashlib.py
  C:\Users\Administrator\Desktop\uo2026\razor-enhanced\RazorEnhanced\packages\IronPython.StdLib.3.4.2\contentFiles\any\any\lib\heapq.py
  C:\Users\Administrator\Desktop\uo2026\razor-enhanced\RazorEnhanced\packages\IronPython.StdLib.3.4.2\contentFiles\any\any\lib\hmac.py
  C:\Users\Administrator\Desktop\uo2026\razor-enhanced\RazorEnhanced\packages\IronPython.StdLib.3.4.2\contentFiles\any\any\lib\imaplib.py
  C:\Users\Administrator\Desktop\uo2026\razor-enhanced\RazorEnhanced\packages\IronPython.StdLib.3.4.2\contentFiles\any\any\lib\imghdr.py
  C:\Users\Administrator\Desktop\uo2026\razor-enhanced\RazorEnhanced\packages\IronPython.StdLib.3.4.2\contentFiles\any\any\lib\imp.py
  C:\Users\Administrator\Desktop\uo2026\razor-enhanced\RazorEnhanced\packages\IronPython.StdLib.3.4.2\contentFiles\any\any\lib\inspect.py
  C:\Users\Administrator\Desktop\uo2026\razor-enhanced\RazorEnhanced\packages\IronPython.StdLib.3.4.2\contentFiles\any\any\lib\io.py
  C:\Users\Administrator\Desktop\uo2026\razor-enhanced\RazorEnhanced\packages\IronPython.StdLib.3.4.2\contentFiles\any\any\lib\ipaddress.py
  C:\Users\Administrator\Desktop\uo2026\razor-enhanced\RazorEnhanced\packages\IronPython.StdLib.3.4.2\contentFiles\any\any\lib\keyword.py
  C:\Users\Administrator\Desktop\uo2026\razor-enhanced\RazorEnhanced\packages\IronPython.StdLib.3.4.2\contentFiles\any\any\lib\linecache.py
  C:\Users\Administrator\Desktop\uo2026\razor-enhanced\RazorEnhanced\packages\IronPython.StdLib.3.4.2\contentFiles\any\any\lib\locale.py
  C:\Users\Administrator\Desktop\uo2026\razor-enhanced\RazorEnhanced\packages\IronPython.StdLib.3.4.2\contentFiles\any\any\lib\lzma.py
  C:\Users\Administrator\Desktop\uo2026\razor-enhanced\RazorEnhanced\packages\IronPython.StdLib.3.4.2\contentFiles\any\any\lib\macpath.py
  C:\Users\Administrator\Desktop\uo2026\razor-enhanced\RazorEnhanced\packages\IronPython.StdLib.3.4.2\contentFiles\any\any\lib\macurl2path.py
  C:\Users\Administrator\Desktop\uo2026\razor-enhanced\RazorEnhanced\packages\IronPython.StdLib.3.4.2\contentFiles\any\any\lib\mailbox.py
  C:\Users\Administrator\Desktop\uo2026\razor-enhanced\RazorEnhanced\packages\IronPython.StdLib.3.4.2\contentFiles\any\any\lib\mailcap.py
  C:\Users\Administrator\Desktop\uo2026\razor-enhanced\RazorEnhanced\packages\IronPython.StdLib.3.4.2\contentFiles\any\any\lib\mimetypes.py
  C:\Users\Administrator\Desktop\uo2026\razor-enhanced\RazorEnhanced\packages\IronPython.StdLib.3.4.2\contentFiles\any\any\lib\modulefinder.py
  C:\Users\Administrator\Desktop\uo2026\razor-enhanced\RazorEnhanced\packages\IronPython.StdLib.3.4.2\contentFiles\any\any\lib\netrc.py
  C:\Users\Administrator\Desktop\uo2026\razor-enhanced\RazorEnhanced\packages\IronPython.StdLib.3.4.2\contentFiles\any\any\lib\nntplib.py
  C:\Users\Administrator\Desktop\uo2026\razor-enhanced\RazorEnhanced\packages\IronPython.StdLib.3.4.2\contentFiles\any\any\lib\ntpath.py
  C:\Users\Administrator\Desktop\uo2026\razor-enhanced\RazorEnhanced\packages\IronPython.StdLib.3.4.2\contentFiles\any\any\lib\nturl2path.py
  C:\Users\Administrator\Desktop\uo2026\razor-enhanced\RazorEnhanced\packages\IronPython.StdLib.3.4.2\contentFiles\any\any\lib\numbers.py
  C:\Users\Administrator\Desktop\uo2026\razor-enhanced\RazorEnhanced\packages\IronPython.StdLib.3.4.2\contentFiles\any\any\lib\opcode.py
  C:\Users\Administrator\Desktop\uo2026\razor-enhanced\RazorEnhanced\packages\IronPython.StdLib.3.4.2\contentFiles\any\any\lib\operator.py
  C:\Users\Administrator\Desktop\uo2026\razor-enhanced\RazorEnhanced\packages\IronPython.StdLib.3.4.2\contentFiles\any\any\lib\optparse.py
  C:\Users\Administrator\Desktop\uo2026\razor-enhanced\RazorEnhanced\packages\IronPython.StdLib.3.4.2\contentFiles\any\any\lib\os.py
  C:\Users\Administrator\Desktop\uo2026\razor-enhanced\RazorEnhanced\packages\IronPython.StdLib.3.4.2\contentFiles\any\any\lib\pathlib.py
  C:\Users\Administrator\Desktop\uo2026\razor-enhanced\RazorEnhanced\packages\IronPython.StdLib.3.4.2\contentFiles\any\any\lib\pdb.py
  C:\Users\Administrator\Desktop\uo2026\razor-enhanced\RazorEnhanced\packages\IronPython.StdLib.3.4.2\contentFiles\any\any\lib\pickle.py
  C:\Users\Administrator\Desktop\uo2026\razor-enhanced\RazorEnhanced\packages\IronPython.StdLib.3.4.2\contentFiles\any\any\lib\pickletools.py
  C:\Users\Administrator\Desktop\uo2026\razor-enhanced\RazorEnhanced\packages\IronPython.StdLib.3.4.2\contentFiles\any\any\lib\pipes.py
  C:\Users\Administrator\Desktop\uo2026\razor-enhanced\RazorEnhanced\packages\IronPython.StdLib.3.4.2\contentFiles\any\any\lib\pkgutil.py
  C:\Users\Administrator\Desktop\uo2026\razor-enhanced\RazorEnhanced\packages\IronPython.StdLib.3.4.2\contentFiles\any\any\lib\platform.py
  C:\Users\Administrator\Desktop\uo2026\razor-enhanced\RazorEnhanced\packages\IronPython.StdLib.3.4.2\contentFiles\any\any\lib\plistlib.py
  C:\Users\Administrator\Desktop\uo2026\razor-enhanced\RazorEnhanced\packages\IronPython.StdLib.3.4.2\contentFiles\any\any\lib\poplib.py
  C:\Users\Administrator\Desktop\uo2026\razor-enhanced\RazorEnhanced\packages\IronPython.StdLib.3.4.2\contentFiles\any\any\lib\posixpath.py
  C:\Users\Administrator\Desktop\uo2026\razor-enhanced\RazorEnhanced\packages\IronPython.StdLib.3.4.2\contentFiles\any\any\lib\pprint.py
  C:\Users\Administrator\Desktop\uo2026\razor-enhanced\RazorEnhanced\packages\IronPython.StdLib.3.4.2\contentFiles\any\any\lib\profile.py
  C:\Users\Administrator\Desktop\uo2026\razor-enhanced\RazorEnhanced\packages\IronPython.StdLib.3.4.2\contentFiles\any\any\lib\pstats.py
  C:\Users\Administrator\Desktop\uo2026\razor-enhanced\RazorEnhanced\packages\IronPython.StdLib.3.4.2\contentFiles\any\any\lib\pty.py
  C:\Users\Administrator\Desktop\uo2026\razor-enhanced\RazorEnhanced\packages\IronPython.StdLib.3.4.2\contentFiles\any\any\lib\pyclbr.py
  C:\Users\Administrator\Desktop\uo2026\razor-enhanced\RazorEnhanced\packages\IronPython.StdLib.3.4.2\contentFiles\any\any\lib\pydoc.py
  C:\Users\Administrator\Desktop\uo2026\razor-enhanced\RazorEnhanced\packages\IronPython.StdLib.3.4.2\contentFiles\any\any\lib\py_compile.py
  C:\Users\Administrator\Desktop\uo2026\razor-enhanced\RazorEnhanced\packages\IronPython.StdLib.3.4.2\contentFiles\any\any\lib\queue.py
  C:\Users\Administrator\Desktop\uo2026\razor-enhanced\RazorEnhanced\packages\IronPython.StdLib.3.4.2\contentFiles\any\any\lib\quopri.py
  C:\Users\Administrator\Desktop\uo2026\razor-enhanced\RazorEnhanced\packages\IronPython.StdLib.3.4.2\contentFiles\any\any\lib\random.py
  C:\Users\Administrator\Desktop\uo2026\razor-enhanced\RazorEnhanced\packages\IronPython.StdLib.3.4.2\contentFiles\any\any\lib\re.py
  C:\Users\Administrator\Desktop\uo2026\razor-enhanced\RazorEnhanced\packages\IronPython.StdLib.3.4.2\contentFiles\any\any\lib\reprlib.py
  C:\Users\Administrator\Desktop\uo2026\razor-enhanced\RazorEnhanced\packages\IronPython.StdLib.3.4.2\contentFiles\any\any\lib\rlcompleter.py
  C:\Users\Administrator\Desktop\uo2026\razor-enhanced\RazorEnhanced\packages\IronPython.StdLib.3.4.2\contentFiles\any\any\lib\runpy.py
  C:\Users\Administrator\Desktop\uo2026\razor-enhanced\RazorEnhanced\packages\IronPython.StdLib.3.4.2\contentFiles\any\any\lib\sched.py
  C:\Users\Administrator\Desktop\uo2026\razor-enhanced\RazorEnhanced\packages\IronPython.StdLib.3.4.2\contentFiles\any\any\lib\selectors.py
  C:\Users\Administrator\Desktop\uo2026\razor-enhanced\RazorEnhanced\packages\IronPython.StdLib.3.4.2\contentFiles\any\any\lib\shelve.py
  C:\Users\Administrator\Desktop\uo2026\razor-enhanced\RazorEnhanced\packages\IronPython.StdLib.3.4.2\contentFiles\any\any\lib\shlex.py
  C:\Users\Administrator\Desktop\uo2026\razor-enhanced\RazorEnhanced\packages\IronPython.StdLib.3.4.2\contentFiles\any\any\lib\shutil.py
  C:\Users\Administrator\Desktop\uo2026\razor-enhanced\RazorEnhanced\packages\IronPython.StdLib.3.4.2\contentFiles\any\any\lib\site.py
  C:\Users\Administrator\Desktop\uo2026\razor-enhanced\RazorEnhanced\packages\IronPython.StdLib.3.4.2\contentFiles\any\any\lib\smtpd.py
  C:\Users\Administrator\Desktop\uo2026\razor-enhanced\RazorEnhanced\packages\IronPython.StdLib.3.4.2\contentFiles\any\any\lib\smtplib.py
  C:\Users\Administrator\Desktop\uo2026\razor-enhanced\RazorEnhanced\packages\IronPython.StdLib.3.4.2\contentFiles\any\any\lib\sndhdr.py
  C:\Users\Administrator\Desktop\uo2026\razor-enhanced\RazorEnhanced\packages\IronPython.StdLib.3.4.2\contentFiles\any\any\lib\socket.py
  C:\Users\Administrator\Desktop\uo2026\razor-enhanced\RazorEnhanced\packages\IronPython.StdLib.3.4.2\contentFiles\any\any\lib\socketserver.py
  C:\Users\Administrator\Desktop\uo2026\razor-enhanced\RazorEnhanced\packages\IronPython.StdLib.3.4.2\contentFiles\any\any\lib\sre_compile.py
  C:\Users\Administrator\Desktop\uo2026\razor-enhanced\RazorEnhanced\packages\IronPython.StdLib.3.4.2\contentFiles\any\any\lib\sre_constants.py
  C:\Users\Administrator\Desktop\uo2026\razor-enhanced\RazorEnhanced\packages\IronPython.StdLib.3.4.2\contentFiles\any\any\lib\sre_parse.py
  C:\Users\Administrator\Desktop\uo2026\razor-enhanced\RazorEnhanced\packages\IronPython.StdLib.3.4.2\contentFiles\any\any\lib\ssl.py
  C:\Users\Administrator\Desktop\uo2026\razor-enhanced\RazorEnhanced\packages\IronPython.StdLib.3.4.2\contentFiles\any\any\lib\stat.py
  C:\Users\Administrator\Desktop\uo2026\razor-enhanced\RazorEnhanced\packages\IronPython.StdLib.3.4.2\contentFiles\any\any\lib\statistics.py
  C:\Users\Administrator\Desktop\uo2026\razor-enhanced\RazorEnhanced\packages\IronPython.StdLib.3.4.2\contentFiles\any\any\lib\string.py
  C:\Users\Administrator\Desktop\uo2026\razor-enhanced\RazorEnhanced\packages\IronPython.StdLib.3.4.2\contentFiles\any\any\lib\stringprep.py
  C:\Users\Administrator\Desktop\uo2026\razor-enhanced\RazorEnhanced\packages\IronPython.StdLib.3.4.2\contentFiles\any\any\lib\struct.py
  C:\Users\Administrator\Desktop\uo2026\razor-enhanced\RazorEnhanced\packages\IronPython.StdLib.3.4.2\contentFiles\any\any\lib\subprocess.py
  C:\Users\Administrator\Desktop\uo2026\razor-enhanced\RazorEnhanced\packages\IronPython.StdLib.3.4.2\contentFiles\any\any\lib\sunau.py
  C:\Users\Administrator\Desktop\uo2026\razor-enhanced\RazorEnhanced\packages\IronPython.StdLib.3.4.2\contentFiles\any\any\lib\symbol.py
  C:\Users\Administrator\Desktop\uo2026\razor-enhanced\RazorEnhanced\packages\IronPython.StdLib.3.4.2\contentFiles\any\any\lib\symtable.py
  C:\Users\Administrator\Desktop\uo2026\razor-enhanced\RazorEnhanced\packages\IronPython.StdLib.3.4.2\contentFiles\any\any\lib\sysconfig.py
  C:\Users\Administrator\Desktop\uo2026\razor-enhanced\RazorEnhanced\packages\IronPython.StdLib.3.4.2\contentFiles\any\any\lib\tabnanny.py
  C:\Users\Administrator\Desktop\uo2026\razor-enhanced\RazorEnhanced\packages\IronPython.StdLib.3.4.2\contentFiles\any\any\lib\tarfile.py
  C:\Users\Administrator\Desktop\uo2026\razor-enhanced\RazorEnhanced\packages\IronPython.StdLib.3.4.2\contentFiles\any\any\lib\telnetlib.py
  C:\Users\Administrator\Desktop\uo2026\razor-enhanced\RazorEnhanced\packages\IronPython.StdLib.3.4.2\contentFiles\any\any\lib\tempfile.py
  C:\Users\Administrator\Desktop\uo2026\razor-enhanced\RazorEnhanced\packages\IronPython.StdLib.3.4.2\contentFiles\any\any\lib\textwrap.py
  C:\Users\Administrator\Desktop\uo2026\razor-enhanced\RazorEnhanced\packages\IronPython.StdLib.3.4.2\contentFiles\any\any\lib\this.py
  C:\Users\Administrator\Desktop\uo2026\razor-enhanced\RazorEnhanced\packages\IronPython.StdLib.3.4.2\contentFiles\any\any\lib\threading.py
  C:\Users\Administrator\Desktop\uo2026\razor-enhanced\RazorEnhanced\packages\IronPython.StdLib.3.4.2\contentFiles\any\any\lib\timeit.py
  C:\Users\Administrator\Desktop\uo2026\razor-enhanced\RazorEnhanced\packages\IronPython.StdLib.3.4.2\contentFiles\any\any\lib\token.py
  C:\Users\Administrator\Desktop\uo2026\razor-enhanced\RazorEnhanced\packages\IronPython.StdLib.3.4.2\contentFiles\any\any\lib\tokenize.py
  C:\Users\Administrator\Desktop\uo2026\razor-enhanced\RazorEnhanced\packages\IronPython.StdLib.3.4.2\contentFiles\any\any\lib\trace.py
  C:\Users\Administrator\Desktop\uo2026\razor-enhanced\RazorEnhanced\packages\IronPython.StdLib.3.4.2\contentFiles\any\any\lib\traceback.py
  C:\Users\Administrator\Desktop\uo2026\razor-enhanced\RazorEnhanced\packages\IronPython.StdLib.3.4.2\contentFiles\any\any\lib\tracemalloc.py
  C:\Users\Administrator\Desktop\uo2026\razor-enhanced\RazorEnhanced\packages\IronPython.StdLib.3.4.2\contentFiles\any\any\lib\tty.py
  C:\Users\Administrator\Desktop\uo2026\razor-enhanced\RazorEnhanced\packages\IronPython.StdLib.3.4.2\contentFiles\any\any\lib\turtle.py
  C:\Users\Administrator\Desktop\uo2026\razor-enhanced\RazorEnhanced\packages\IronPython.StdLib.3.4.2\contentFiles\any\any\lib\types.py
  C:\Users\Administrator\Desktop\uo2026\razor-enhanced\RazorEnhanced\packages\IronPython.StdLib.3.4.2\contentFiles\any\any\lib\typing.py
  C:\Users\Administrator\Desktop\uo2026\razor-enhanced\RazorEnhanced\packages\IronPython.StdLib.3.4.2\contentFiles\any\any\lib\uu.py
  C:\Users\Administrator\Desktop\uo2026\razor-enhanced\RazorEnhanced\packages\IronPython.StdLib.3.4.2\contentFiles\any\any\lib\uuid.py
  C:\Users\Administrator\Desktop\uo2026\razor-enhanced\RazorEnhanced\packages\IronPython.StdLib.3.4.2\contentFiles\any\any\lib\warnings.py
  C:\Users\Administrator\Desktop\uo2026\razor-enhanced\RazorEnhanced\packages\IronPython.StdLib.3.4.2\contentFiles\any\any\lib\wave.py
  C:\Users\Administrator\Desktop\uo2026\razor-enhanced\RazorEnhanced\packages\IronPython.StdLib.3.4.2\contentFiles\any\any\lib\weakref.py
  C:\Users\Administrator\Desktop\uo2026\razor-enhanced\RazorEnhanced\packages\IronPython.StdLib.3.4.2\contentFiles\any\any\lib\webbrowser.py
  C:\Users\Administrator\Desktop\uo2026\razor-enhanced\RazorEnhanced\packages\IronPython.StdLib.3.4.2\contentFiles\any\any\lib\wpf.py
  C:\Users\Administrator\Desktop\uo2026\razor-enhanced\RazorEnhanced\packages\IronPython.StdLib.3.4.2\contentFiles\any\any\lib\xdrlib.py
  C:\Users\Administrator\Desktop\uo2026\razor-enhanced\RazorEnhanced\packages\IronPython.StdLib.3.4.2\contentFiles\any\any\lib\zipfile.py
  C:\Users\Administrator\Desktop\uo2026\razor-enhanced\RazorEnhanced\packages\IronPython.StdLib.3.4.2\contentFiles\any\any\lib\_bootlocale.py
  C:\Users\Administrator\Desktop\uo2026\razor-enhanced\RazorEnhanced\packages\IronPython.StdLib.3.4.2\contentFiles\any\any\lib\_collections_abc.py
  C:\Users\Administrator\Desktop\uo2026\razor-enhanced\RazorEnhanced\packages\IronPython.StdLib.3.4.2\contentFiles\any\any\lib\_compat_pickle.py
  C:\Users\Administrator\Desktop\uo2026\razor-enhanced\RazorEnhanced\packages\IronPython.StdLib.3.4.2\contentFiles\any\any\lib\_dummy_thread.py
  C:\Users\Administrator\Desktop\uo2026\razor-enhanced\RazorEnhanced\packages\IronPython.StdLib.3.4.2\contentFiles\any\any\lib\_markupbase.py
  C:\Users\Administrator\Desktop\uo2026\razor-enhanced\RazorEnhanced\packages\IronPython.StdLib.3.4.2\contentFiles\any\any\lib\_osx_support.py
  C:\Users\Administrator\Desktop\uo2026\razor-enhanced\RazorEnhanced\packages\IronPython.StdLib.3.4.2\contentFiles\any\any\lib\_pyio.py
  C:\Users\Administrator\Desktop\uo2026\razor-enhanced\RazorEnhanced\packages\IronPython.StdLib.3.4.2\contentFiles\any\any\lib\_sitebuiltins.py
  C:\Users\Administrator\Desktop\uo2026\razor-enhanced\RazorEnhanced\packages\IronPython.StdLib.3.4.2\contentFiles\any\any\lib\_strptime.py
  C:\Users\Administrator\Desktop\uo2026\razor-enhanced\RazorEnhanced\packages\IronPython.StdLib.3.4.2\contentFiles\any\any\lib\_threading_local.py
  C:\Users\Administrator\Desktop\uo2026\razor-enhanced\RazorEnhanced\packages\IronPython.StdLib.3.4.2\contentFiles\any\any\lib\_weakrefset.py
  C:\Users\Administrator\Desktop\uo2026\razor-enhanced\RazorEnhanced\packages\IronPython.StdLib.3.4.2\contentFiles\any\any\lib\__future__.py
  C:\Users\Administrator\Desktop\uo2026\razor-enhanced\RazorEnhanced\packages\IronPython.StdLib.3.4.2\contentFiles\any\any\lib\__phello__.foo.py
  C:\Users\Administrator\Desktop\uo2026\razor-enhanced\RazorEnhanced\packages\IronPython.StdLib.3.4.2\contentFiles\any\any\lib\asyncio\base_events.py
  C:\Users\Administrator\Desktop\uo2026\razor-enhanced\RazorEnhanced\packages\IronPython.StdLib.3.4.2\contentFiles\any\any\lib\asyncio\base_subprocess.py
  C:\Users\Administrator\Desktop\uo2026\razor-enhanced\RazorEnhanced\packages\IronPython.StdLib.3.4.2\contentFiles\any\any\lib\asyncio\compat.py
  C:\Users\Administrator\Desktop\uo2026\razor-enhanced\RazorEnhanced\packages\IronPython.StdLib.3.4.2\contentFiles\any\any\lib\asyncio\constants.py
  C:\Users\Administrator\Desktop\uo2026\razor-enhanced\RazorEnhanced\packages\IronPython.StdLib.3.4.2\contentFiles\any\any\lib\asyncio\coroutines.py
  C:\Users\Administrator\Desktop\uo2026\razor-enhanced\RazorEnhanced\packages\IronPython.StdLib.3.4.2\contentFiles\any\any\lib\asyncio\events.py
  C:\Users\Administrator\Desktop\uo2026\razor-enhanced\RazorEnhanced\packages\IronPython.StdLib.3.4.2\contentFiles\any\any\lib\asyncio\futures.py
  C:\Users\Administrator\Desktop\uo2026\razor-enhanced\RazorEnhanced\packages\IronPython.StdLib.3.4.2\contentFiles\any\any\lib\asyncio\locks.py
  C:\Users\Administrator\Desktop\uo2026\razor-enhanced\RazorEnhanced\packages\IronPython.StdLib.3.4.2\contentFiles\any\any\lib\asyncio\log.py
  C:\Users\Administrator\Desktop\uo2026\razor-enhanced\RazorEnhanced\packages\IronPython.StdLib.3.4.2\contentFiles\any\any\lib\asyncio\proactor_events.py
  C:\Users\Administrator\Desktop\uo2026\razor-enhanced\RazorEnhanced\packages\IronPython.StdLib.3.4.2\contentFiles\any\any\lib\asyncio\protocols.py
  C:\Users\Administrator\Desktop\uo2026\razor-enhanced\RazorEnhanced\packages\IronPython.StdLib.3.4.2\contentFiles\any\any\lib\asyncio\queues.py
  C:\Users\Administrator\Desktop\uo2026\razor-enhanced\RazorEnhanced\packages\IronPython.StdLib.3.4.2\contentFiles\any\any\lib\asyncio\selector_events.py
  C:\Users\Administrator\Desktop\uo2026\razor-enhanced\RazorEnhanced\packages\IronPython.StdLib.3.4.2\contentFiles\any\any\lib\asyncio\sslproto.py
  C:\Users\Administrator\Desktop\uo2026\razor-enhanced\RazorEnhanced\packages\IronPython.StdLib.3.4.2\contentFiles\any\any\lib\asyncio\streams.py
  C:\Users\Administrator\Desktop\uo2026\razor-enhanced\RazorEnhanced\packages\IronPython.StdLib.3.4.2\contentFiles\any\any\lib\asyncio\subprocess.py
  C:\Users\Administrator\Desktop\uo2026\razor-enhanced\RazorEnhanced\packages\IronPython.StdLib.3.4.2\contentFiles\any\any\lib\asyncio\tasks.py
  C:\Users\Administrator\Desktop\uo2026\razor-enhanced\RazorEnhanced\packages\IronPython.StdLib.3.4.2\contentFiles\any\any\lib\asyncio\test_utils.py
  C:\Users\Administrator\Desktop\uo2026\razor-enhanced\RazorEnhanced\packages\IronPython.StdLib.3.4.2\contentFiles\any\any\lib\asyncio\transports.py
  C:\Users\Administrator\Desktop\uo2026\razor-enhanced\RazorEnhanced\packages\IronPython.StdLib.3.4.2\contentFiles\any\any\lib\asyncio\unix_events.py
  C:\Users\Administrator\Desktop\uo2026\razor-enhanced\RazorEnhanced\packages\IronPython.StdLib.3.4.2\contentFiles\any\any\lib\asyncio\windows_events.py
  C:\Users\Administrator\Desktop\uo2026\razor-enhanced\RazorEnhanced\packages\IronPython.StdLib.3.4.2\contentFiles\any\any\lib\asyncio\windows_utils.py
  C:\Users\Administrator\Desktop\uo2026\razor-enhanced\RazorEnhanced\packages\IronPython.StdLib.3.4.2\contentFiles\any\any\lib\asyncio\__init__.py
  C:\Users\Administrator\Desktop\uo2026\razor-enhanced\RazorEnhanced\packages\IronPython.StdLib.3.4.2\contentFiles\any\any\lib\collections\abc.py
  C:\Users\Administrator\Desktop\uo2026\razor-enhanced\RazorEnhanced\packages\IronPython.StdLib.3.4.2\contentFiles\any\any\lib\collections\__init__.py
  C:\Users\Administrator\Desktop\uo2026\razor-enhanced\RazorEnhanced\packages\IronPython.StdLib.3.4.2\contentFiles\any\any\lib\collections\__main__.py
  C:\Users\Administrator\Desktop\uo2026\razor-enhanced\RazorEnhanced\packages\IronPython.StdLib.3.4.2\contentFiles\any\any\lib\concurrent\__init__.py
  C:\Users\Administrator\Desktop\uo2026\razor-enhanced\RazorEnhanced\packages\IronPython.StdLib.3.4.2\contentFiles\any\any\lib\concurrent\futures\process.py
  C:\Users\Administrator\Desktop\uo2026\razor-enhanced\RazorEnhanced\packages\IronPython.StdLib.3.4.2\contentFiles\any\any\lib\concurrent\futures\thread.py
  C:\Users\Administrator\Desktop\uo2026\razor-enhanced\RazorEnhanced\packages\IronPython.StdLib.3.4.2\contentFiles\any\any\lib\concurrent\futures\_base.py
  C:\Users\Administrator\Desktop\uo2026\razor-enhanced\RazorEnhanced\packages\IronPython.StdLib.3.4.2\contentFiles\any\any\lib\concurrent\futures\__init__.py
  C:\Users\Administrator\Desktop\uo2026\razor-enhanced\RazorEnhanced\packages\IronPython.StdLib.3.4.2\contentFiles\any\any\lib\ctypes\util.py
  C:\Users\Administrator\Desktop\uo2026\razor-enhanced\RazorEnhanced\packages\IronPython.StdLib.3.4.2\contentFiles\any\any\lib\ctypes\wintypes.py
  C:\Users\Administrator\Desktop\uo2026\razor-enhanced\RazorEnhanced\packages\IronPython.StdLib.3.4.2\contentFiles\any\any\lib\ctypes\_endian.py
  C:\Users\Administrator\Desktop\uo2026\razor-enhanced\RazorEnhanced\packages\IronPython.StdLib.3.4.2\contentFiles\any\any\lib\ctypes\__init__.py
  C:\Users\Administrator\Desktop\uo2026\razor-enhanced\RazorEnhanced\packages\IronPython.StdLib.3.4.2\contentFiles\any\any\lib\ctypes\macholib\dyld.py
  C:\Users\Administrator\Desktop\uo2026\razor-enhanced\RazorEnhanced\packages\IronPython.StdLib.3.4.2\contentFiles\any\any\lib\ctypes\macholib\dylib.py
  C:\Users\Administrator\Desktop\uo2026\razor-enhanced\RazorEnhanced\packages\IronPython.StdLib.3.4.2\contentFiles\any\any\lib\ctypes\macholib\fetch_macholib
  C:\Users\Administrator\Desktop\uo2026\razor-enhanced\RazorEnhanced\packages\IronPython.StdLib.3.4.2\contentFiles\any\any\lib\ctypes\macholib\fetch_macholib.bat
  C:\Users\Administrator\Desktop\uo2026\razor-enhanced\RazorEnhanced\packages\IronPython.StdLib.3.4.2\contentFiles\any\any\lib\ctypes\macholib\framework.py
  C:\Users\Administrator\Desktop\uo2026\razor-enhanced\RazorEnhanced\packages\IronPython.StdLib.3.4.2\contentFiles\any\any\lib\ctypes\macholib\README.ctypes
  C:\Users\Administrator\Desktop\uo2026\razor-enhanced\RazorEnhanced\packages\IronPython.StdLib.3.4.2\contentFiles\any\any\lib\ctypes\macholib\__init__.py
  C:\Users\Administrator\Desktop\uo2026\razor-enhanced\RazorEnhanced\packages\IronPython.StdLib.3.4.2\contentFiles\any\any\lib\curses\ascii.py
  C:\Users\Administrator\Desktop\uo2026\razor-enhanced\RazorEnhanced\packages\IronPython.StdLib.3.4.2\contentFiles\any\any\lib\curses\has_key.py
  C:\Users\Administrator\Desktop\uo2026\razor-enhanced\RazorEnhanced\packages\IronPython.StdLib.3.4.2\contentFiles\any\any\lib\curses\panel.py
  C:\Users\Administrator\Desktop\uo2026\razor-enhanced\RazorEnhanced\packages\IronPython.StdLib.3.4.2\contentFiles\any\any\lib\curses\textpad.py
  C:\Users\Administrator\Desktop\uo2026\razor-enhanced\RazorEnhanced\packages\IronPython.StdLib.3.4.2\contentFiles\any\any\lib\curses\__init__.py
  C:\Users\Administrator\Desktop\uo2026\razor-enhanced\RazorEnhanced\packages\IronPython.StdLib.3.4.2\contentFiles\any\any\lib\dbm\dumb.py
  C:\Users\Administrator\Desktop\uo2026\razor-enhanced\RazorEnhanced\packages\IronPython.StdLib.3.4.2\contentFiles\any\any\lib\dbm\gnu.py
  C:\Users\Administrator\Desktop\uo2026\razor-enhanced\RazorEnhanced\packages\IronPython.StdLib.3.4.2\contentFiles\any\any\lib\dbm\ndbm.py
  C:\Users\Administrator\Desktop\uo2026\razor-enhanced\RazorEnhanced\packages\IronPython.StdLib.3.4.2\contentFiles\any\any\lib\dbm\__init__.py
  C:\Users\Administrator\Desktop\uo2026\razor-enhanced\RazorEnhanced\packages\IronPython.StdLib.3.4.2\contentFiles\any\any\lib\distutils\archive_util.py
  C:\Users\Administrator\Desktop\uo2026\razor-enhanced\RazorEnhanced\packages\IronPython.StdLib.3.4.2\contentFiles\any\any\lib\distutils\bcppcompiler.py
  C:\Users\Administrator\Desktop\uo2026\razor-enhanced\RazorEnhanced\packages\IronPython.StdLib.3.4.2\contentFiles\any\any\lib\distutils\ccompiler.py
  C:\Users\Administrator\Desktop\uo2026\razor-enhanced\RazorEnhanced\packages\IronPython.StdLib.3.4.2\contentFiles\any\any\lib\distutils\cmd.py
  C:\Users\Administrator\Desktop\uo2026\razor-enhanced\RazorEnhanced\packages\IronPython.StdLib.3.4.2\contentFiles\any\any\lib\distutils\config.py
  C:\Users\Administrator\Desktop\uo2026\razor-enhanced\RazorEnhanced\packages\IronPython.StdLib.3.4.2\contentFiles\any\any\lib\distutils\core.py
  C:\Users\Administrator\Desktop\uo2026\razor-enhanced\RazorEnhanced\packages\IronPython.StdLib.3.4.2\contentFiles\any\any\lib\distutils\cygwinccompiler.py
  C:\Users\Administrator\Desktop\uo2026\razor-enhanced\RazorEnhanced\packages\IronPython.StdLib.3.4.2\contentFiles\any\any\lib\distutils\debug.py
  C:\Users\Administrator\Desktop\uo2026\razor-enhanced\RazorEnhanced\packages\IronPython.StdLib.3.4.2\contentFiles\any\any\lib\distutils\dep_util.py
  C:\Users\Administrator\Desktop\uo2026\razor-enhanced\RazorEnhanced\packages\IronPython.StdLib.3.4.2\contentFiles\any\any\lib\distutils\dir_util.py
  C:\Users\Administrator\Desktop\uo2026\razor-enhanced\RazorEnhanced\packages\IronPython.StdLib.3.4.2\contentFiles\any\any\lib\distutils\dist.py
  C:\Users\Administrator\Desktop\uo2026\razor-enhanced\RazorEnhanced\packages\IronPython.StdLib.3.4.2\contentFiles\any\any\lib\distutils\errors.py
  C:\Users\Administrator\Desktop\uo2026\razor-enhanced\RazorEnhanced\packages\IronPython.StdLib.3.4.2\contentFiles\any\any\lib\distutils\extension.py
  C:\Users\Administrator\Desktop\uo2026\razor-enhanced\RazorEnhanced\packages\IronPython.StdLib.3.4.2\contentFiles\any\any\lib\distutils\fancy_getopt.py
  C:\Users\Administrator\Desktop\uo2026\razor-enhanced\RazorEnhanced\packages\IronPython.StdLib.3.4.2\contentFiles\any\any\lib\distutils\filelist.py
  C:\Users\Administrator\Desktop\uo2026\razor-enhanced\RazorEnhanced\packages\IronPython.StdLib.3.4.2\contentFiles\any\any\lib\distutils\file_util.py
  C:\Users\Administrator\Desktop\uo2026\razor-enhanced\RazorEnhanced\packages\IronPython.StdLib.3.4.2\contentFiles\any\any\lib\distutils\log.py
  C:\Users\Administrator\Desktop\uo2026\razor-enhanced\RazorEnhanced\packages\IronPython.StdLib.3.4.2\contentFiles\any\any\lib\distutils\msvc9compiler.py
  C:\Users\Administrator\Desktop\uo2026\razor-enhanced\RazorEnhanced\packages\IronPython.StdLib.3.4.2\contentFiles\any\any\lib\distutils\msvccompiler.py
  C:\Users\Administrator\Desktop\uo2026\razor-enhanced\RazorEnhanced\packages\IronPython.StdLib.3.4.2\contentFiles\any\any\lib\distutils\README
  C:\Users\Administrator\Desktop\uo2026\razor-enhanced\RazorEnhanced\packages\IronPython.StdLib.3.4.2\contentFiles\any\any\lib\distutils\spawn.py
  C:\Users\Administrator\Desktop\uo2026\razor-enhanced\RazorEnhanced\packages\IronPython.StdLib.3.4.2\contentFiles\any\any\lib\distutils\sysconfig.py
  C:\Users\Administrator\Desktop\uo2026\razor-enhanced\RazorEnhanced\packages\IronPython.StdLib.3.4.2\contentFiles\any\any\lib\distutils\text_file.py
  C:\Users\Administrator\Desktop\uo2026\razor-enhanced\RazorEnhanced\packages\IronPython.StdLib.3.4.2\contentFiles\any\any\lib\distutils\unixccompiler.py
  C:\Users\Administrator\Desktop\uo2026\razor-enhanced\RazorEnhanced\packages\IronPython.StdLib.3.4.2\contentFiles\any\any\lib\distutils\util.py
  C:\Users\Administrator\Desktop\uo2026\razor-enhanced\RazorEnhanced\packages\IronPython.StdLib.3.4.2\contentFiles\any\any\lib\distutils\version.py
  C:\Users\Administrator\Desktop\uo2026\razor-enhanced\RazorEnhanced\packages\IronPython.StdLib.3.4.2\contentFiles\any\any\lib\distutils\versionpredicate.py
  C:\Users\Administrator\Desktop\uo2026\razor-enhanced\RazorEnhanced\packages\IronPython.StdLib.3.4.2\contentFiles\any\any\lib\distutils\__init__.py
  C:\Users\Administrator\Desktop\uo2026\razor-enhanced\RazorEnhanced\packages\IronPython.StdLib.3.4.2\contentFiles\any\any\lib\distutils\command\bdist.py
  C:\Users\Administrator\Desktop\uo2026\razor-enhanced\RazorEnhanced\packages\IronPython.StdLib.3.4.2\contentFiles\any\any\lib\distutils\command\bdist_dumb.py
  C:\Users\Administrator\Desktop\uo2026\razor-enhanced\RazorEnhanced\packages\IronPython.StdLib.3.4.2\contentFiles\any\any\lib\distutils\command\bdist_msi.py
  C:\Users\Administrator\Desktop\uo2026\razor-enhanced\RazorEnhanced\packages\IronPython.StdLib.3.4.2\contentFiles\any\any\lib\distutils\command\bdist_rpm.py
  C:\Users\Administrator\Desktop\uo2026\razor-enhanced\RazorEnhanced\packages\IronPython.StdLib.3.4.2\contentFiles\any\any\lib\distutils\command\bdist_wininst.py
  C:\Users\Administrator\Desktop\uo2026\razor-enhanced\RazorEnhanced\packages\IronPython.StdLib.3.4.2\contentFiles\any\any\lib\distutils\command\build.py
  C:\Users\Administrator\Desktop\uo2026\razor-enhanced\RazorEnhanced\packages\IronPython.StdLib.3.4.2\contentFiles\any\any\lib\distutils\command\build_clib.py
  C:\Users\Administrator\Desktop\uo2026\razor-enhanced\RazorEnhanced\packages\IronPython.StdLib.3.4.2\contentFiles\any\any\lib\distutils\command\build_ext.py
  C:\Users\Administrator\Desktop\uo2026\razor-enhanced\RazorEnhanced\packages\IronPython.StdLib.3.4.2\contentFiles\any\any\lib\distutils\command\build_py.py
  C:\Users\Administrator\Desktop\uo2026\razor-enhanced\RazorEnhanced\packages\IronPython.StdLib.3.4.2\contentFiles\any\any\lib\distutils\command\build_scripts.py
  C:\Users\Administrator\Desktop\uo2026\razor-enhanced\RazorEnhanced\packages\IronPython.StdLib.3.4.2\contentFiles\any\any\lib\distutils\command\check.py
  C:\Users\Administrator\Desktop\uo2026\razor-enhanced\RazorEnhanced\packages\IronPython.StdLib.3.4.2\contentFiles\any\any\lib\distutils\command\clean.py
  C:\Users\Administrator\Desktop\uo2026\razor-enhanced\RazorEnhanced\packages\IronPython.StdLib.3.4.2\contentFiles\any\any\lib\distutils\command\command_template
  C:\Users\Administrator\Desktop\uo2026\razor-enhanced\RazorEnhanced\packages\IronPython.StdLib.3.4.2\contentFiles\any\any\lib\distutils\command\config.py
  C:\Users\Administrator\Desktop\uo2026\razor-enhanced\RazorEnhanced\packages\IronPython.StdLib.3.4.2\contentFiles\any\any\lib\distutils\command\install.py
  C:\Users\Administrator\Desktop\uo2026\razor-enhanced\RazorEnhanced\packages\IronPython.StdLib.3.4.2\contentFiles\any\any\lib\distutils\command\install_data.py
  C:\Users\Administrator\Desktop\uo2026\razor-enhanced\RazorEnhanced\packages\IronPython.StdLib.3.4.2\contentFiles\any\any\lib\distutils\command\install_egg_info.py
  C:\Users\Administrator\Desktop\uo2026\razor-enhanced\RazorEnhanced\packages\IronPython.StdLib.3.4.2\contentFiles\any\any\lib\distutils\command\install_headers.py
  C:\Users\Administrator\Desktop\uo2026\razor-enhanced\RazorEnhanced\packages\IronPython.StdLib.3.4.2\contentFiles\any\any\lib\distutils\command\install_lib.py
  C:\Users\Administrator\Desktop\uo2026\razor-enhanced\RazorEnhanced\packages\IronPython.StdLib.3.4.2\contentFiles\any\any\lib\distutils\command\install_scripts.py
  C:\Users\Administrator\Desktop\uo2026\razor-enhanced\RazorEnhanced\packages\IronPython.StdLib.3.4.2\contentFiles\any\any\lib\distutils\command\register.py
  C:\Users\Administrator\Desktop\uo2026\razor-enhanced\RazorEnhanced\packages\IronPython.StdLib.3.4.2\contentFiles\any\any\lib\distutils\command\sdist.py
  C:\Users\Administrator\Desktop\uo2026\razor-enhanced\RazorEnhanced\packages\IronPython.StdLib.3.4.2\contentFiles\any\any\lib\distutils\command\upload.py
  C:\Users\Administrator\Desktop\uo2026\razor-enhanced\RazorEnhanced\packages\IronPython.StdLib.3.4.2\contentFiles\any\any\lib\distutils\command\wininst-10.0-amd64.exe
  C:\Users\Administrator\Desktop\uo2026\razor-enhanced\RazorEnhanced\packages\IronPython.StdLib.3.4.2\contentFiles\any\any\lib\distutils\command\wininst-10.0.exe
  C:\Users\Administrator\Desktop\uo2026\razor-enhanced\RazorEnhanced\packages\IronPython.StdLib.3.4.2\contentFiles\any\any\lib\distutils\command\wininst-6.0.exe
  C:\Users\Administrator\Desktop\uo2026\razor-enhanced\RazorEnhanced\packages\IronPython.StdLib.3.4.2\contentFiles\any\any\lib\distutils\command\wininst-7.1.exe
  C:\Users\Administrator\Desktop\uo2026\razor-enhanced\RazorEnhanced\packages\IronPython.StdLib.3.4.2\contentFiles\any\any\lib\distutils\command\wininst-8.0.exe
  C:\Users\Administrator\Desktop\uo2026\razor-enhanced\RazorEnhanced\packages\IronPython.StdLib.3.4.2\contentFiles\any\any\lib\distutils\command\wininst-9.0-amd64.exe
  C:\Users\Administrator\Desktop\uo2026\razor-enhanced\RazorEnhanced\packages\IronPython.StdLib.3.4.2\contentFiles\any\any\lib\distutils\command\wininst-9.0.exe
  C:\Users\Administrator\Desktop\uo2026\razor-enhanced\RazorEnhanced\packages\IronPython.StdLib.3.4.2\contentFiles\any\any\lib\distutils\command\__init__.py
  C:\Users\Administrator\Desktop\uo2026\razor-enhanced\RazorEnhanced\packages\IronPython.StdLib.3.4.2\contentFiles\any\any\lib\email\architecture.rst
  C:\Users\Administrator\Desktop\uo2026\razor-enhanced\RazorEnhanced\packages\IronPython.StdLib.3.4.2\contentFiles\any\any\lib\email\base64mime.py
  C:\Users\Administrator\Desktop\uo2026\razor-enhanced\RazorEnhanced\packages\IronPython.StdLib.3.4.2\contentFiles\any\any\lib\email\charset.py
  C:\Users\Administrator\Desktop\uo2026\razor-enhanced\RazorEnhanced\packages\IronPython.StdLib.3.4.2\contentFiles\any\any\lib\email\contentmanager.py
  C:\Users\Administrator\Desktop\uo2026\razor-enhanced\RazorEnhanced\packages\IronPython.StdLib.3.4.2\contentFiles\any\any\lib\email\encoders.py
  C:\Users\Administrator\Desktop\uo2026\razor-enhanced\RazorEnhanced\packages\IronPython.StdLib.3.4.2\contentFiles\any\any\lib\email\errors.py
  C:\Users\Administrator\Desktop\uo2026\razor-enhanced\RazorEnhanced\packages\IronPython.StdLib.3.4.2\contentFiles\any\any\lib\email\feedparser.py
  C:\Users\Administrator\Desktop\uo2026\razor-enhanced\RazorEnhanced\packages\IronPython.StdLib.3.4.2\contentFiles\any\any\lib\email\generator.py
  C:\Users\Administrator\Desktop\uo2026\razor-enhanced\RazorEnhanced\packages\IronPython.StdLib.3.4.2\contentFiles\any\any\lib\email\header.py
  C:\Users\Administrator\Desktop\uo2026\razor-enhanced\RazorEnhanced\packages\IronPython.StdLib.3.4.2\contentFiles\any\any\lib\email\headerregistry.py
  C:\Users\Administrator\Desktop\uo2026\razor-enhanced\RazorEnhanced\packages\IronPython.StdLib.3.4.2\contentFiles\any\any\lib\email\iterators.py
  C:\Users\Administrator\Desktop\uo2026\razor-enhanced\RazorEnhanced\packages\IronPython.StdLib.3.4.2\contentFiles\any\any\lib\email\message.py
  C:\Users\Administrator\Desktop\uo2026\razor-enhanced\RazorEnhanced\packages\IronPython.StdLib.3.4.2\contentFiles\any\any\lib\email\parser.py
  C:\Users\Administrator\Desktop\uo2026\razor-enhanced\RazorEnhanced\packages\IronPython.StdLib.3.4.2\contentFiles\any\any\lib\email\policy.py
  C:\Users\Administrator\Desktop\uo2026\razor-enhanced\RazorEnhanced\packages\IronPython.StdLib.3.4.2\contentFiles\any\any\lib\email\quoprimime.py
  C:\Users\Administrator\Desktop\uo2026\razor-enhanced\RazorEnhanced\packages\IronPython.StdLib.3.4.2\contentFiles\any\any\lib\email\utils.py
  C:\Users\Administrator\Desktop\uo2026\razor-enhanced\RazorEnhanced\packages\IronPython.StdLib.3.4.2\contentFiles\any\any\lib\email\_encoded_words.py
  C:\Users\Administrator\Desktop\uo2026\razor-enhanced\RazorEnhanced\packages\IronPython.StdLib.3.4.2\contentFiles\any\any\lib\email\_header_value_parser.py
  C:\Users\Administrator\Desktop\uo2026\razor-enhanced\RazorEnhanced\packages\IronPython.StdLib.3.4.2\contentFiles\any\any\lib\email\_parseaddr.py
  C:\Users\Administrator\Desktop\uo2026\razor-enhanced\RazorEnhanced\packages\IronPython.StdLib.3.4.2\contentFiles\any\any\lib\email\_policybase.py
  C:\Users\Administrator\Desktop\uo2026\razor-enhanced\RazorEnhanced\packages\IronPython.StdLib.3.4.2\contentFiles\any\any\lib\email\__init__.py
  C:\Users\Administrator\Desktop\uo2026\razor-enhanced\RazorEnhanced\packages\IronPython.StdLib.3.4.2\contentFiles\any\any\lib\email\mime\application.py
  C:\Users\Administrator\Desktop\uo2026\razor-enhanced\RazorEnhanced\packages\IronPython.StdLib.3.4.2\contentFiles\any\any\lib\email\mime\audio.py
  C:\Users\Administrator\Desktop\uo2026\razor-enhanced\RazorEnhanced\packages\IronPython.StdLib.3.4.2\contentFiles\any\any\lib\email\mime\base.py
  C:\Users\Administrator\Desktop\uo2026\razor-enhanced\RazorEnhanced\packages\IronPython.StdLib.3.4.2\contentFiles\any\any\lib\email\mime\image.py
  C:\Users\Administrator\Desktop\uo2026\razor-enhanced\RazorEnhanced\packages\IronPython.StdLib.3.4.2\contentFiles\any\any\lib\email\mime\message.py
  C:\Users\Administrator\Desktop\uo2026\razor-enhanced\RazorEnhanced\packages\IronPython.StdLib.3.4.2\contentFiles\any\any\lib\email\mime\multipart.py
  C:\Users\Administrator\Desktop\uo2026\razor-enhanced\RazorEnhanced\packages\IronPython.StdLib.3.4.2\contentFiles\any\any\lib\email\mime\nonmultipart.py
  C:\Users\Administrator\Desktop\uo2026\razor-enhanced\RazorEnhanced\packages\IronPython.StdLib.3.4.2\contentFiles\any\any\lib\email\mime\text.py
  C:\Users\Administrator\Desktop\uo2026\razor-enhanced\RazorEnhanced\packages\IronPython.StdLib.3.4.2\contentFiles\any\any\lib\email\mime\__init__.py
  C:\Users\Administrator\Desktop\uo2026\razor-enhanced\RazorEnhanced\packages\IronPython.StdLib.3.4.2\contentFiles\any\any\lib\encodings\aliases.py
  C:\Users\Administrator\Desktop\uo2026\razor-enhanced\RazorEnhanced\packages\IronPython.StdLib.3.4.2\contentFiles\any\any\lib\encodings\ascii.py
  C:\Users\Administrator\Desktop\uo2026\razor-enhanced\RazorEnhanced\packages\IronPython.StdLib.3.4.2\contentFiles\any\any\lib\encodings\base64_codec.py
  C:\Users\Administrator\Desktop\uo2026\razor-enhanced\RazorEnhanced\packages\IronPython.StdLib.3.4.2\contentFiles\any\any\lib\encodings\big5.py
  C:\Users\Administrator\Desktop\uo2026\razor-enhanced\RazorEnhanced\packages\IronPython.StdLib.3.4.2\contentFiles\any\any\lib\encodings\big5hkscs.py
  C:\Users\Administrator\Desktop\uo2026\razor-enhanced\RazorEnhanced\packages\IronPython.StdLib.3.4.2\contentFiles\any\any\lib\encodings\bz2_codec.py
  C:\Users\Administrator\Desktop\uo2026\razor-enhanced\RazorEnhanced\packages\IronPython.StdLib.3.4.2\contentFiles\any\any\lib\encodings\charmap.py
  C:\Users\Administrator\Desktop\uo2026\razor-enhanced\RazorEnhanced\packages\IronPython.StdLib.3.4.2\contentFiles\any\any\lib\encodings\cp037.py
  C:\Users\Administrator\Desktop\uo2026\razor-enhanced\RazorEnhanced\packages\IronPython.StdLib.3.4.2\contentFiles\any\any\lib\encodings\cp1006.py
  C:\Users\Administrator\Desktop\uo2026\razor-enhanced\RazorEnhanced\packages\IronPython.StdLib.3.4.2\contentFiles\any\any\lib\encodings\cp1026.py
  C:\Users\Administrator\Desktop\uo2026\razor-enhanced\RazorEnhanced\packages\IronPython.StdLib.3.4.2\contentFiles\any\any\lib\encodings\cp1125.py
  C:\Users\Administrator\Desktop\uo2026\razor-enhanced\RazorEnhanced\packages\IronPython.StdLib.3.4.2\contentFiles\any\any\lib\encodings\cp1140.py
  C:\Users\Administrator\Desktop\uo2026\razor-enhanced\RazorEnhanced\packages\IronPython.StdLib.3.4.2\contentFiles\any\any\lib\encodings\cp1250.py
  C:\Users\Administrator\Desktop\uo2026\razor-enhanced\RazorEnhanced\packages\IronPython.StdLib.3.4.2\contentFiles\any\any\lib\encodings\cp1251.py
  C:\Users\Administrator\Desktop\uo2026\razor-enhanced\RazorEnhanced\packages\IronPython.StdLib.3.4.2\contentFiles\any\any\lib\encodings\cp1252.py
  C:\Users\Administrator\Desktop\uo2026\razor-enhanced\RazorEnhanced\packages\IronPython.StdLib.3.4.2\contentFiles\any\any\lib\encodings\cp1253.py
  C:\Users\Administrator\Desktop\uo2026\razor-enhanced\RazorEnhanced\packages\IronPython.StdLib.3.4.2\contentFiles\any\any\lib\encodings\cp1254.py
  C:\Users\Administrator\Desktop\uo2026\razor-enhanced\RazorEnhanced\packages\IronPython.StdLib.3.4.2\contentFiles\any\any\lib\encodings\cp1255.py
  C:\Users\Administrator\Desktop\uo2026\razor-enhanced\RazorEnhanced\packages\IronPython.StdLib.3.4.2\contentFiles\any\any\lib\encodings\cp1256.py
  C:\Users\Administrator\Desktop\uo2026\razor-enhanced\RazorEnhanced\packages\IronPython.StdLib.3.4.2\contentFiles\any\any\lib\encodings\cp1257.py
  C:\Users\Administrator\Desktop\uo2026\razor-enhanced\RazorEnhanced\packages\IronPython.StdLib.3.4.2\contentFiles\any\any\lib\encodings\cp1258.py
  C:\Users\Administrator\Desktop\uo2026\razor-enhanced\RazorEnhanced\packages\IronPython.StdLib.3.4.2\contentFiles\any\any\lib\encodings\cp273.py
  C:\Users\Administrator\Desktop\uo2026\razor-enhanced\RazorEnhanced\packages\IronPython.StdLib.3.4.2\contentFiles\any\any\lib\encodings\cp424.py
  C:\Users\Administrator\Desktop\uo2026\razor-enhanced\RazorEnhanced\packages\IronPython.StdLib.3.4.2\contentFiles\any\any\lib\encodings\cp437.py
  C:\Users\Administrator\Desktop\uo2026\razor-enhanced\RazorEnhanced\packages\IronPython.StdLib.3.4.2\contentFiles\any\any\lib\encodings\cp500.py
  C:\Users\Administrator\Desktop\uo2026\razor-enhanced\RazorEnhanced\packages\IronPython.StdLib.3.4.2\contentFiles\any\any\lib\encodings\cp65001.py
  C:\Users\Administrator\Desktop\uo2026\razor-enhanced\RazorEnhanced\packages\IronPython.StdLib.3.4.2\contentFiles\any\any\lib\encodings\cp720.py
  C:\Users\Administrator\Desktop\uo2026\razor-enhanced\RazorEnhanced\packages\IronPython.StdLib.3.4.2\contentFiles\any\any\lib\encodings\cp737.py
  C:\Users\Administrator\Desktop\uo2026\razor-enhanced\RazorEnhanced\packages\IronPython.StdLib.3.4.2\contentFiles\any\any\lib\encodings\cp775.py
  C:\Users\Administrator\Desktop\uo2026\razor-enhanced\RazorEnhanced\packages\IronPython.StdLib.3.4.2\contentFiles\any\any\lib\encodings\cp850.py
  C:\Users\Administrator\Desktop\uo2026\razor-enhanced\RazorEnhanced\packages\IronPython.StdLib.3.4.2\contentFiles\any\any\lib\encodings\cp852.py
  C:\Users\Administrator\Desktop\uo2026\razor-enhanced\RazorEnhanced\packages\IronPython.StdLib.3.4.2\contentFiles\any\any\lib\encodings\cp855.py
  C:\Users\Administrator\Desktop\uo2026\razor-enhanced\RazorEnhanced\packages\IronPython.StdLib.3.4.2\contentFiles\any\any\lib\encodings\cp856.py
  C:\Users\Administrator\Desktop\uo2026\razor-enhanced\RazorEnhanced\packages\IronPython.StdLib.3.4.2\contentFiles\any\any\lib\encodings\cp857.py
  C:\Users\Administrator\Desktop\uo2026\razor-enhanced\RazorEnhanced\packages\IronPython.StdLib.3.4.2\contentFiles\any\any\lib\encodings\cp858.py
  C:\Users\Administrator\Desktop\uo2026\razor-enhanced\RazorEnhanced\packages\IronPython.StdLib.3.4.2\contentFiles\any\any\lib\encodings\cp860.py
  C:\Users\Administrator\Desktop\uo2026\razor-enhanced\RazorEnhanced\packages\IronPython.StdLib.3.4.2\contentFiles\any\any\lib\encodings\cp861.py
  C:\Users\Administrator\Desktop\uo2026\razor-enhanced\RazorEnhanced\packages\IronPython.StdLib.3.4.2\contentFiles\any\any\lib\encodings\cp862.py
  C:\Users\Administrator\Desktop\uo2026\razor-enhanced\RazorEnhanced\packages\IronPython.StdLib.3.4.2\contentFiles\any\any\lib\encodings\cp863.py
  C:\Users\Administrator\Desktop\uo2026\razor-enhanced\RazorEnhanced\packages\IronPython.StdLib.3.4.2\contentFiles\any\any\lib\encodings\cp864.py
  C:\Users\Administrator\Desktop\uo2026\razor-enhanced\RazorEnhanced\packages\IronPython.StdLib.3.4.2\contentFiles\any\any\lib\encodings\cp865.py
  C:\Users\Administrator\Desktop\uo2026\razor-enhanced\RazorEnhanced\packages\IronPython.StdLib.3.4.2\contentFiles\any\any\lib\encodings\cp866.py
  C:\Users\Administrator\Desktop\uo2026\razor-enhanced\RazorEnhanced\packages\IronPython.StdLib.3.4.2\contentFiles\any\any\lib\encodings\cp869.py
  C:\Users\Administrator\Desktop\uo2026\razor-enhanced\RazorEnhanced\packages\IronPython.StdLib.3.4.2\contentFiles\any\any\lib\encodings\cp874.py
  C:\Users\Administrator\Desktop\uo2026\razor-enhanced\RazorEnhanced\packages\IronPython.StdLib.3.4.2\contentFiles\any\any\lib\encodings\cp875.py
  C:\Users\Administrator\Desktop\uo2026\razor-enhanced\RazorEnhanced\packages\IronPython.StdLib.3.4.2\contentFiles\any\any\lib\encodings\cp932.py
  C:\Users\Administrator\Desktop\uo2026\razor-enhanced\RazorEnhanced\packages\IronPython.StdLib.3.4.2\contentFiles\any\any\lib\encodings\cp949.py
  C:\Users\Administrator\Desktop\uo2026\razor-enhanced\RazorEnhanced\packages\IronPython.StdLib.3.4.2\contentFiles\any\any\lib\encodings\cp950.py
  C:\Users\Administrator\Desktop\uo2026\razor-enhanced\RazorEnhanced\packages\IronPython.StdLib.3.4.2\contentFiles\any\any\lib\encodings\euc_jisx0213.py
  C:\Users\Administrator\Desktop\uo2026\razor-enhanced\RazorEnhanced\packages\IronPython.StdLib.3.4.2\contentFiles\any\any\lib\encodings\euc_jis_2004.py
  C:\Users\Administrator\Desktop\uo2026\razor-enhanced\RazorEnhanced\packages\IronPython.StdLib.3.4.2\contentFiles\any\any\lib\encodings\euc_jp.py
  C:\Users\Administrator\Desktop\uo2026\razor-enhanced\RazorEnhanced\packages\IronPython.StdLib.3.4.2\contentFiles\any\any\lib\encodings\euc_kr.py
  C:\Users\Administrator\Desktop\uo2026\razor-enhanced\RazorEnhanced\packages\IronPython.StdLib.3.4.2\contentFiles\any\any\lib\encodings\gb18030.py
  C:\Users\Administrator\Desktop\uo2026\razor-enhanced\RazorEnhanced\packages\IronPython.StdLib.3.4.2\contentFiles\any\any\lib\encodings\gb2312.py
  C:\Users\Administrator\Desktop\uo2026\razor-enhanced\RazorEnhanced\packages\IronPython.StdLib.3.4.2\contentFiles\any\any\lib\encodings\gbk.py
  C:\Users\Administrator\Desktop\uo2026\razor-enhanced\RazorEnhanced\packages\IronPython.StdLib.3.4.2\contentFiles\any\any\lib\encodings\hex_codec.py
  C:\Users\Administrator\Desktop\uo2026\razor-enhanced\RazorEnhanced\packages\IronPython.StdLib.3.4.2\contentFiles\any\any\lib\encodings\hp_roman8.py
  C:\Users\Administrator\Desktop\uo2026\razor-enhanced\RazorEnhanced\packages\IronPython.StdLib.3.4.2\contentFiles\any\any\lib\encodings\hz.py
  C:\Users\Administrator\Desktop\uo2026\razor-enhanced\RazorEnhanced\packages\IronPython.StdLib.3.4.2\contentFiles\any\any\lib\encodings\idna.py
  C:\Users\Administrator\Desktop\uo2026\razor-enhanced\RazorEnhanced\packages\IronPython.StdLib.3.4.2\contentFiles\any\any\lib\encodings\iso2022_jp.py
  C:\Users\Administrator\Desktop\uo2026\razor-enhanced\RazorEnhanced\packages\IronPython.StdLib.3.4.2\contentFiles\any\any\lib\encodings\iso2022_jp_1.py
  C:\Users\Administrator\Desktop\uo2026\razor-enhanced\RazorEnhanced\packages\IronPython.StdLib.3.4.2\contentFiles\any\any\lib\encodings\iso2022_jp_2.py
  C:\Users\Administrator\Desktop\uo2026\razor-enhanced\RazorEnhanced\packages\IronPython.StdLib.3.4.2\contentFiles\any\any\lib\encodings\iso2022_jp_2004.py
  C:\Users\Administrator\Desktop\uo2026\razor-enhanced\RazorEnhanced\packages\IronPython.StdLib.3.4.2\contentFiles\any\any\lib\encodings\iso2022_jp_3.py
  C:\Users\Administrator\Desktop\uo2026\razor-enhanced\RazorEnhanced\packages\IronPython.StdLib.3.4.2\contentFiles\any\any\lib\encodings\iso2022_jp_ext.py
  C:\Users\Administrator\Desktop\uo2026\razor-enhanced\RazorEnhanced\packages\IronPython.StdLib.3.4.2\contentFiles\any\any\lib\encodings\iso2022_kr.py
  C:\Users\Administrator\Desktop\uo2026\razor-enhanced\RazorEnhanced\packages\IronPython.StdLib.3.4.2\contentFiles\any\any\lib\encodings\iso8859_1.py
  C:\Users\Administrator\Desktop\uo2026\razor-enhanced\RazorEnhanced\packages\IronPython.StdLib.3.4.2\contentFiles\any\any\lib\encodings\iso8859_10.py
  C:\Users\Administrator\Desktop\uo2026\razor-enhanced\RazorEnhanced\packages\IronPython.StdLib.3.4.2\contentFiles\any\any\lib\encodings\iso8859_11.py
  C:\Users\Administrator\Desktop\uo2026\razor-enhanced\RazorEnhanced\packages\IronPython.StdLib.3.4.2\contentFiles\any\any\lib\encodings\iso8859_13.py
  C:\Users\Administrator\Desktop\uo2026\razor-enhanced\RazorEnhanced\packages\IronPython.StdLib.3.4.2\contentFiles\any\any\lib\encodings\iso8859_14.py
  C:\Users\Administrator\Desktop\uo2026\razor-enhanced\RazorEnhanced\packages\IronPython.StdLib.3.4.2\contentFiles\any\any\lib\encodings\iso8859_15.py
  C:\Users\Administrator\Desktop\uo2026\razor-enhanced\RazorEnhanced\packages\IronPython.StdLib.3.4.2\contentFiles\any\any\lib\encodings\iso8859_16.py
  C:\Users\Administrator\Desktop\uo2026\razor-enhanced\RazorEnhanced\packages\IronPython.StdLib.3.4.2\contentFiles\any\any\lib\encodings\iso8859_2.py
  C:\Users\Administrator\Desktop\uo2026\razor-enhanced\RazorEnhanced\packages\IronPython.StdLib.3.4.2\contentFiles\any\any\lib\encodings\iso8859_3.py
  C:\Users\Administrator\Desktop\uo2026\razor-enhanced\RazorEnhanced\packages\IronPython.StdLib.3.4.2\contentFiles\any\any\lib\encodings\iso8859_4.py
  C:\Users\Administrator\Desktop\uo2026\razor-enhanced\RazorEnhanced\packages\IronPython.StdLib.3.4.2\contentFiles\any\any\lib\encodings\iso8859_5.py
  C:\Users\Administrator\Desktop\uo2026\razor-enhanced\RazorEnhanced\packages\IronPython.StdLib.3.4.2\contentFiles\any\any\lib\encodings\iso8859_6.py
  C:\Users\Administrator\Desktop\uo2026\razor-enhanced\RazorEnhanced\packages\IronPython.StdLib.3.4.2\contentFiles\any\any\lib\encodings\iso8859_7.py
  C:\Users\Administrator\Desktop\uo2026\razor-enhanced\RazorEnhanced\packages\IronPython.StdLib.3.4.2\contentFiles\any\any\lib\encodings\iso8859_8.py
  C:\Users\Administrator\Desktop\uo2026\razor-enhanced\RazorEnhanced\packages\IronPython.StdLib.3.4.2\contentFiles\any\any\lib\encodings\iso8859_9.py
  C:\Users\Administrator\Desktop\uo2026\razor-enhanced\RazorEnhanced\packages\IronPython.StdLib.3.4.2\contentFiles\any\any\lib\encodings\johab.py
  C:\Users\Administrator\Desktop\uo2026\razor-enhanced\RazorEnhanced\packages\IronPython.StdLib.3.4.2\contentFiles\any\any\lib\encodings\koi8_r.py
  C:\Users\Administrator\Desktop\uo2026\razor-enhanced\RazorEnhanced\packages\IronPython.StdLib.3.4.2\contentFiles\any\any\lib\encodings\koi8_u.py
  C:\Users\Administrator\Desktop\uo2026\razor-enhanced\RazorEnhanced\packages\IronPython.StdLib.3.4.2\contentFiles\any\any\lib\encodings\latin_1.py
  C:\Users\Administrator\Desktop\uo2026\razor-enhanced\RazorEnhanced\packages\IronPython.StdLib.3.4.2\contentFiles\any\any\lib\encodings\mac_arabic.py
  C:\Users\Administrator\Desktop\uo2026\razor-enhanced\RazorEnhanced\packages\IronPython.StdLib.3.4.2\contentFiles\any\any\lib\encodings\mac_centeuro.py
  C:\Users\Administrator\Desktop\uo2026\razor-enhanced\RazorEnhanced\packages\IronPython.StdLib.3.4.2\contentFiles\any\any\lib\encodings\mac_croatian.py
  C:\Users\Administrator\Desktop\uo2026\razor-enhanced\RazorEnhanced\packages\IronPython.StdLib.3.4.2\contentFiles\any\any\lib\encodings\mac_cyrillic.py
  C:\Users\Administrator\Desktop\uo2026\razor-enhanced\RazorEnhanced\packages\IronPython.StdLib.3.4.2\contentFiles\any\any\lib\encodings\mac_farsi.py
  C:\Users\Administrator\Desktop\uo2026\razor-enhanced\RazorEnhanced\packages\IronPython.StdLib.3.4.2\contentFiles\any\any\lib\encodings\mac_greek.py
  C:\Users\Administrator\Desktop\uo2026\razor-enhanced\RazorEnhanced\packages\IronPython.StdLib.3.4.2\contentFiles\any\any\lib\encodings\mac_iceland.py
  C:\Users\Administrator\Desktop\uo2026\razor-enhanced\RazorEnhanced\packages\IronPython.StdLib.3.4.2\contentFiles\any\any\lib\encodings\mac_latin2.py
  C:\Users\Administrator\Desktop\uo2026\razor-enhanced\RazorEnhanced\packages\IronPython.StdLib.3.4.2\contentFiles\any\any\lib\encodings\mac_roman.py
  C:\Users\Administrator\Desktop\uo2026\razor-enhanced\RazorEnhanced\packages\IronPython.StdLib.3.4.2\contentFiles\any\any\lib\encodings\mac_romanian.py
  C:\Users\Administrator\Desktop\uo2026\razor-enhanced\RazorEnhanced\packages\IronPython.StdLib.3.4.2\contentFiles\any\any\lib\encodings\mac_turkish.py
  C:\Users\Administrator\Desktop\uo2026\razor-enhanced\RazorEnhanced\packages\IronPython.StdLib.3.4.2\contentFiles\any\any\lib\encodings\mbcs.py
  C:\Users\Administrator\Desktop\uo2026\razor-enhanced\RazorEnhanced\packages\IronPython.StdLib.3.4.2\contentFiles\any\any\lib\encodings\palmos.py
  C:\Users\Administrator\Desktop\uo2026\razor-enhanced\RazorEnhanced\packages\IronPython.StdLib.3.4.2\contentFiles\any\any\lib\encodings\ptcp154.py
  C:\Users\Administrator\Desktop\uo2026\razor-enhanced\RazorEnhanced\packages\IronPython.StdLib.3.4.2\contentFiles\any\any\lib\encodings\punycode.py
  C:\Users\Administrator\Desktop\uo2026\razor-enhanced\RazorEnhanced\packages\IronPython.StdLib.3.4.2\contentFiles\any\any\lib\encodings\quopri_codec.py
  C:\Users\Administrator\Desktop\uo2026\razor-enhanced\RazorEnhanced\packages\IronPython.StdLib.3.4.2\contentFiles\any\any\lib\encodings\raw_unicode_escape.py
  C:\Users\Administrator\Desktop\uo2026\razor-enhanced\RazorEnhanced\packages\IronPython.StdLib.3.4.2\contentFiles\any\any\lib\encodings\rot_13.py
  C:\Users\Administrator\Desktop\uo2026\razor-enhanced\RazorEnhanced\packages\IronPython.StdLib.3.4.2\contentFiles\any\any\lib\encodings\shift_jis.py
  C:\Users\Administrator\Desktop\uo2026\razor-enhanced\RazorEnhanced\packages\IronPython.StdLib.3.4.2\contentFiles\any\any\lib\encodings\shift_jisx0213.py
  C:\Users\Administrator\Desktop\uo2026\razor-enhanced\RazorEnhanced\packages\IronPython.StdLib.3.4.2\contentFiles\any\any\lib\encodings\shift_jis_2004.py
  C:\Users\Administrator\Desktop\uo2026\razor-enhanced\RazorEnhanced\packages\IronPython.StdLib.3.4.2\contentFiles\any\any\lib\encodings\tis_620.py
  C:\Users\Administrator\Desktop\uo2026\razor-enhanced\RazorEnhanced\packages\IronPython.StdLib.3.4.2\contentFiles\any\any\lib\encodings\undefined.py
  C:\Users\Administrator\Desktop\uo2026\razor-enhanced\RazorEnhanced\packages\IronPython.StdLib.3.4.2\contentFiles\any\any\lib\encodings\unicode_escape.py
  C:\Users\Administrator\Desktop\uo2026\razor-enhanced\RazorEnhanced\packages\IronPython.StdLib.3.4.2\contentFiles\any\any\lib\encodings\unicode_internal.py
  C:\Users\Administrator\Desktop\uo2026\razor-enhanced\RazorEnhanced\packages\IronPython.StdLib.3.4.2\contentFiles\any\any\lib\encodings\utf_16.py
  C:\Users\Administrator\Desktop\uo2026\razor-enhanced\RazorEnhanced\packages\IronPython.StdLib.3.4.2\contentFiles\any\any\lib\encodings\utf_16_be.py
  C:\Users\Administrator\Desktop\uo2026\razor-enhanced\RazorEnhanced\packages\IronPython.StdLib.3.4.2\contentFiles\any\any\lib\encodings\utf_16_le.py
  C:\Users\Administrator\Desktop\uo2026\razor-enhanced\RazorEnhanced\packages\IronPython.StdLib.3.4.2\contentFiles\any\any\lib\encodings\utf_32.py
  C:\Users\Administrator\Desktop\uo2026\razor-enhanced\RazorEnhanced\packages\IronPython.StdLib.3.4.2\contentFiles\any\any\lib\encodings\utf_32_be.py
  C:\Users\Administrator\Desktop\uo2026\razor-enhanced\RazorEnhanced\packages\IronPython.StdLib.3.4.2\contentFiles\any\any\lib\encodings\utf_32_le.py
  C:\Users\Administrator\Desktop\uo2026\razor-enhanced\RazorEnhanced\packages\IronPython.StdLib.3.4.2\contentFiles\any\any\lib\encodings\utf_7.py
  C:\Users\Administrator\Desktop\uo2026\razor-enhanced\RazorEnhanced\packages\IronPython.StdLib.3.4.2\contentFiles\any\any\lib\encodings\utf_8.py
  C:\Users\Administrator\Desktop\uo2026\razor-enhanced\RazorEnhanced\packages\IronPython.StdLib.3.4.2\contentFiles\any\any\lib\encodings\utf_8_sig.py
  C:\Users\Administrator\Desktop\uo2026\razor-enhanced\RazorEnhanced\packages\IronPython.StdLib.3.4.2\contentFiles\any\any\lib\encodings\uu_codec.py
  C:\Users\Administrator\Desktop\uo2026\razor-enhanced\RazorEnhanced\packages\IronPython.StdLib.3.4.2\contentFiles\any\any\lib\encodings\zlib_codec.py
  C:\Users\Administrator\Desktop\uo2026\razor-enhanced\RazorEnhanced\packages\IronPython.StdLib.3.4.2\contentFiles\any\any\lib\encodings\__init__.py
  C:\Users\Administrator\Desktop\uo2026\razor-enhanced\RazorEnhanced\packages\IronPython.StdLib.3.4.2\contentFiles\any\any\lib\ensurepip\_uninstall.py
  C:\Users\Administrator\Desktop\uo2026\razor-enhanced\RazorEnhanced\packages\IronPython.StdLib.3.4.2\contentFiles\any\any\lib\ensurepip\__init__.py
  C:\Users\Administrator\Desktop\uo2026\razor-enhanced\RazorEnhanced\packages\IronPython.StdLib.3.4.2\contentFiles\any\any\lib\ensurepip\__main__.py
  C:\Users\Administrator\Desktop\uo2026\razor-enhanced\RazorEnhanced\packages\IronPython.StdLib.3.4.2\contentFiles\any\any\lib\ensurepip\_bundled\pip-18.1-py2.py3-none-any.whl
  C:\Users\Administrator\Desktop\uo2026\razor-enhanced\RazorEnhanced\packages\IronPython.StdLib.3.4.2\contentFiles\any\any\lib\ensurepip\_bundled\setuptools-40.6.2-py2.py3-none-any.whl
  C:\Users\Administrator\Desktop\uo2026\razor-enhanced\RazorEnhanced\packages\IronPython.StdLib.3.4.2\contentFiles\any\any\lib\html\entities.py
  C:\Users\Administrator\Desktop\uo2026\razor-enhanced\RazorEnhanced\packages\IronPython.StdLib.3.4.2\contentFiles\any\any\lib\html\parser.py
  C:\Users\Administrator\Desktop\uo2026\razor-enhanced\RazorEnhanced\packages\IronPython.StdLib.3.4.2\contentFiles\any\any\lib\html\__init__.py
  C:\Users\Administrator\Desktop\uo2026\razor-enhanced\RazorEnhanced\packages\IronPython.StdLib.3.4.2\contentFiles\any\any\lib\http\client.py
  C:\Users\Administrator\Desktop\uo2026\razor-enhanced\RazorEnhanced\packages\IronPython.StdLib.3.4.2\contentFiles\any\any\lib\http\cookiejar.py
  C:\Users\Administrator\Desktop\uo2026\razor-enhanced\RazorEnhanced\packages\IronPython.StdLib.3.4.2\contentFiles\any\any\lib\http\cookies.py
  C:\Users\Administrator\Desktop\uo2026\razor-enhanced\RazorEnhanced\packages\IronPython.StdLib.3.4.2\contentFiles\any\any\lib\http\server.py
  C:\Users\Administrator\Desktop\uo2026\razor-enhanced\RazorEnhanced\packages\IronPython.StdLib.3.4.2\contentFiles\any\any\lib\http\__init__.py
  C:\Users\Administrator\Desktop\uo2026\razor-enhanced\RazorEnhanced\packages\IronPython.StdLib.3.4.2\contentFiles\any\any\lib\importlib\abc.py
  C:\Users\Administrator\Desktop\uo2026\razor-enhanced\RazorEnhanced\packages\IronPython.StdLib.3.4.2\contentFiles\any\any\lib\importlib\machinery.py
  C:\Users\Administrator\Desktop\uo2026\razor-enhanced\RazorEnhanced\packages\IronPython.StdLib.3.4.2\contentFiles\any\any\lib\importlib\util.py
  C:\Users\Administrator\Desktop\uo2026\razor-enhanced\RazorEnhanced\packages\IronPython.StdLib.3.4.2\contentFiles\any\any\lib\importlib\_bootstrap.py
  C:\Users\Administrator\Desktop\uo2026\razor-enhanced\RazorEnhanced\packages\IronPython.StdLib.3.4.2\contentFiles\any\any\lib\importlib\__init__.py
  C:\Users\Administrator\Desktop\uo2026\razor-enhanced\RazorEnhanced\packages\IronPython.StdLib.3.4.2\contentFiles\any\any\lib\json\decoder.py
  C:\Users\Administrator\Desktop\uo2026\razor-enhanced\RazorEnhanced\packages\IronPython.StdLib.3.4.2\contentFiles\any\any\lib\json\encoder.py
  C:\Users\Administrator\Desktop\uo2026\razor-enhanced\RazorEnhanced\packages\IronPython.StdLib.3.4.2\contentFiles\any\any\lib\json\scanner.py
  C:\Users\Administrator\Desktop\uo2026\razor-enhanced\RazorEnhanced\packages\IronPython.StdLib.3.4.2\contentFiles\any\any\lib\json\tool.py
  C:\Users\Administrator\Desktop\uo2026\razor-enhanced\RazorEnhanced\packages\IronPython.StdLib.3.4.2\contentFiles\any\any\lib\json\__init__.py
  C:\Users\Administrator\Desktop\uo2026\razor-enhanced\RazorEnhanced\packages\IronPython.StdLib.3.4.2\contentFiles\any\any\lib\lib2to3\btm_matcher.py
  C:\Users\Administrator\Desktop\uo2026\razor-enhanced\RazorEnhanced\packages\IronPython.StdLib.3.4.2\contentFiles\any\any\lib\lib2to3\btm_utils.py
  C:\Users\Administrator\Desktop\uo2026\razor-enhanced\RazorEnhanced\packages\IronPython.StdLib.3.4.2\contentFiles\any\any\lib\lib2to3\fixer_base.py
  C:\Users\Administrator\Desktop\uo2026\razor-enhanced\RazorEnhanced\packages\IronPython.StdLib.3.4.2\contentFiles\any\any\lib\lib2to3\fixer_util.py
  C:\Users\Administrator\Desktop\uo2026\razor-enhanced\RazorEnhanced\packages\IronPython.StdLib.3.4.2\contentFiles\any\any\lib\lib2to3\Grammar.txt
  C:\Users\Administrator\Desktop\uo2026\razor-enhanced\RazorEnhanced\packages\IronPython.StdLib.3.4.2\contentFiles\any\any\lib\lib2to3\main.py
  C:\Users\Administrator\Desktop\uo2026\razor-enhanced\RazorEnhanced\packages\IronPython.StdLib.3.4.2\contentFiles\any\any\lib\lib2to3\patcomp.py
  C:\Users\Administrator\Desktop\uo2026\razor-enhanced\RazorEnhanced\packages\IronPython.StdLib.3.4.2\contentFiles\any\any\lib\lib2to3\PatternGrammar.txt
  C:\Users\Administrator\Desktop\uo2026\razor-enhanced\RazorEnhanced\packages\IronPython.StdLib.3.4.2\contentFiles\any\any\lib\lib2to3\pygram.py
  C:\Users\Administrator\Desktop\uo2026\razor-enhanced\RazorEnhanced\packages\IronPython.StdLib.3.4.2\contentFiles\any\any\lib\lib2to3\pytree.py
  C:\Users\Administrator\Desktop\uo2026\razor-enhanced\RazorEnhanced\packages\IronPython.StdLib.3.4.2\contentFiles\any\any\lib\lib2to3\refactor.py
  C:\Users\Administrator\Desktop\uo2026\razor-enhanced\RazorEnhanced\packages\IronPython.StdLib.3.4.2\contentFiles\any\any\lib\lib2to3\__init__.py
  C:\Users\Administrator\Desktop\uo2026\razor-enhanced\RazorEnhanced\packages\IronPython.StdLib.3.4.2\contentFiles\any\any\lib\lib2to3\__main__.py
  C:\Users\Administrator\Desktop\uo2026\razor-enhanced\RazorEnhanced\packages\IronPython.StdLib.3.4.2\contentFiles\any\any\lib\lib2to3\fixes\fix_apply.py
  C:\Users\Administrator\Desktop\uo2026\razor-enhanced\RazorEnhanced\packages\IronPython.StdLib.3.4.2\contentFiles\any\any\lib\lib2to3\fixes\fix_asserts.py
  C:\Users\Administrator\Desktop\uo2026\razor-enhanced\RazorEnhanced\packages\IronPython.StdLib.3.4.2\contentFiles\any\any\lib\lib2to3\fixes\fix_basestring.py
  C:\Users\Administrator\Desktop\uo2026\razor-enhanced\RazorEnhanced\packages\IronPython.StdLib.3.4.2\contentFiles\any\any\lib\lib2to3\fixes\fix_buffer.py
  C:\Users\Administrator\Desktop\uo2026\razor-enhanced\RazorEnhanced\packages\IronPython.StdLib.3.4.2\contentFiles\any\any\lib\lib2to3\fixes\fix_callable.py
  C:\Users\Administrator\Desktop\uo2026\razor-enhanced\RazorEnhanced\packages\IronPython.StdLib.3.4.2\contentFiles\any\any\lib\lib2to3\fixes\fix_dict.py
  C:\Users\Administrator\Desktop\uo2026\razor-enhanced\RazorEnhanced\packages\IronPython.StdLib.3.4.2\contentFiles\any\any\lib\lib2to3\fixes\fix_except.py
  C:\Users\Administrator\Desktop\uo2026\razor-enhanced\RazorEnhanced\packages\IronPython.StdLib.3.4.2\contentFiles\any\any\lib\lib2to3\fixes\fix_exec.py
  C:\Users\Administrator\Desktop\uo2026\razor-enhanced\RazorEnhanced\packages\IronPython.StdLib.3.4.2\contentFiles\any\any\lib\lib2to3\fixes\fix_execfile.py
  C:\Users\Administrator\Desktop\uo2026\razor-enhanced\RazorEnhanced\packages\IronPython.StdLib.3.4.2\contentFiles\any\any\lib\lib2to3\fixes\fix_exitfunc.py
  C:\Users\Administrator\Desktop\uo2026\razor-enhanced\RazorEnhanced\packages\IronPython.StdLib.3.4.2\contentFiles\any\any\lib\lib2to3\fixes\fix_filter.py
  C:\Users\Administrator\Desktop\uo2026\razor-enhanced\RazorEnhanced\packages\IronPython.StdLib.3.4.2\contentFiles\any\any\lib\lib2to3\fixes\fix_funcattrs.py
  C:\Users\Administrator\Desktop\uo2026\razor-enhanced\RazorEnhanced\packages\IronPython.StdLib.3.4.2\contentFiles\any\any\lib\lib2to3\fixes\fix_future.py
  C:\Users\Administrator\Desktop\uo2026\razor-enhanced\RazorEnhanced\packages\IronPython.StdLib.3.4.2\contentFiles\any\any\lib\lib2to3\fixes\fix_getcwdu.py
  C:\Users\Administrator\Desktop\uo2026\razor-enhanced\RazorEnhanced\packages\IronPython.StdLib.3.4.2\contentFiles\any\any\lib\lib2to3\fixes\fix_has_key.py
  C:\Users\Administrator\Desktop\uo2026\razor-enhanced\RazorEnhanced\packages\IronPython.StdLib.3.4.2\contentFiles\any\any\lib\lib2to3\fixes\fix_idioms.py
  C:\Users\Administrator\Desktop\uo2026\razor-enhanced\RazorEnhanced\packages\IronPython.StdLib.3.4.2\contentFiles\any\any\lib\lib2to3\fixes\fix_import.py
  C:\Users\Administrator\Desktop\uo2026\razor-enhanced\RazorEnhanced\packages\IronPython.StdLib.3.4.2\contentFiles\any\any\lib\lib2to3\fixes\fix_imports.py
  C:\Users\Administrator\Desktop\uo2026\razor-enhanced\RazorEnhanced\packages\IronPython.StdLib.3.4.2\contentFiles\any\any\lib\lib2to3\fixes\fix_imports2.py
  C:\Users\Administrator\Desktop\uo2026\razor-enhanced\RazorEnhanced\packages\IronPython.StdLib.3.4.2\contentFiles\any\any\lib\lib2to3\fixes\fix_input.py
  C:\Users\Administrator\Desktop\uo2026\razor-enhanced\RazorEnhanced\packages\IronPython.StdLib.3.4.2\contentFiles\any\any\lib\lib2to3\fixes\fix_intern.py
  C:\Users\Administrator\Desktop\uo2026\razor-enhanced\RazorEnhanced\packages\IronPython.StdLib.3.4.2\contentFiles\any\any\lib\lib2to3\fixes\fix_isinstance.py
  C:\Users\Administrator\Desktop\uo2026\razor-enhanced\RazorEnhanced\packages\IronPython.StdLib.3.4.2\contentFiles\any\any\lib\lib2to3\fixes\fix_itertools.py
  C:\Users\Administrator\Desktop\uo2026\razor-enhanced\RazorEnhanced\packages\IronPython.StdLib.3.4.2\contentFiles\any\any\lib\lib2to3\fixes\fix_itertools_imports.py
  C:\Users\Administrator\Desktop\uo2026\razor-enhanced\RazorEnhanced\packages\IronPython.StdLib.3.4.2\contentFiles\any\any\lib\lib2to3\fixes\fix_long.py
  C:\Users\Administrator\Desktop\uo2026\razor-enhanced\RazorEnhanced\packages\IronPython.StdLib.3.4.2\contentFiles\any\any\lib\lib2to3\fixes\fix_map.py
  C:\Users\Administrator\Desktop\uo2026\razor-enhanced\RazorEnhanced\packages\IronPython.StdLib.3.4.2\contentFiles\any\any\lib\lib2to3\fixes\fix_metaclass.py
  C:\Users\Administrator\Desktop\uo2026\razor-enhanced\RazorEnhanced\packages\IronPython.StdLib.3.4.2\contentFiles\any\any\lib\lib2to3\fixes\fix_methodattrs.py
  C:\Users\Administrator\Desktop\uo2026\razor-enhanced\RazorEnhanced\packages\IronPython.StdLib.3.4.2\contentFiles\any\any\lib\lib2to3\fixes\fix_ne.py
  C:\Users\Administrator\Desktop\uo2026\razor-enhanced\RazorEnhanced\packages\IronPython.StdLib.3.4.2\contentFiles\any\any\lib\lib2to3\fixes\fix_next.py
  C:\Users\Administrator\Desktop\uo2026\razor-enhanced\RazorEnhanced\packages\IronPython.StdLib.3.4.2\contentFiles\any\any\lib\lib2to3\fixes\fix_nonzero.py
  C:\Users\Administrator\Desktop\uo2026\razor-enhanced\RazorEnhanced\packages\IronPython.StdLib.3.4.2\contentFiles\any\any\lib\lib2to3\fixes\fix_numliterals.py
  C:\Users\Administrator\Desktop\uo2026\razor-enhanced\RazorEnhanced\packages\IronPython.StdLib.3.4.2\contentFiles\any\any\lib\lib2to3\fixes\fix_operator.py
  C:\Users\Administrator\Desktop\uo2026\razor-enhanced\RazorEnhanced\packages\IronPython.StdLib.3.4.2\contentFiles\any\any\lib\lib2to3\fixes\fix_paren.py
  C:\Users\Administrator\Desktop\uo2026\razor-enhanced\RazorEnhanced\packages\IronPython.StdLib.3.4.2\contentFiles\any\any\lib\lib2to3\fixes\fix_print.py
  C:\Users\Administrator\Desktop\uo2026\razor-enhanced\RazorEnhanced\packages\IronPython.StdLib.3.4.2\contentFiles\any\any\lib\lib2to3\fixes\fix_raise.py
  C:\Users\Administrator\Desktop\uo2026\razor-enhanced\RazorEnhanced\packages\IronPython.StdLib.3.4.2\contentFiles\any\any\lib\lib2to3\fixes\fix_raw_input.py
  C:\Users\Administrator\Desktop\uo2026\razor-enhanced\RazorEnhanced\packages\IronPython.StdLib.3.4.2\contentFiles\any\any\lib\lib2to3\fixes\fix_reduce.py
  C:\Users\Administrator\Desktop\uo2026\razor-enhanced\RazorEnhanced\packages\IronPython.StdLib.3.4.2\contentFiles\any\any\lib\lib2to3\fixes\fix_reload.py
  C:\Users\Administrator\Desktop\uo2026\razor-enhanced\RazorEnhanced\packages\IronPython.StdLib.3.4.2\contentFiles\any\any\lib\lib2to3\fixes\fix_renames.py
  C:\Users\Administrator\Desktop\uo2026\razor-enhanced\RazorEnhanced\packages\IronPython.StdLib.3.4.2\contentFiles\any\any\lib\lib2to3\fixes\fix_repr.py
  C:\Users\Administrator\Desktop\uo2026\razor-enhanced\RazorEnhanced\packages\IronPython.StdLib.3.4.2\contentFiles\any\any\lib\lib2to3\fixes\fix_set_literal.py
  C:\Users\Administrator\Desktop\uo2026\razor-enhanced\RazorEnhanced\packages\IronPython.StdLib.3.4.2\contentFiles\any\any\lib\lib2to3\fixes\fix_standarderror.py
  C:\Users\Administrator\Desktop\uo2026\razor-enhanced\RazorEnhanced\packages\IronPython.StdLib.3.4.2\contentFiles\any\any\lib\lib2to3\fixes\fix_sys_exc.py
  C:\Users\Administrator\Desktop\uo2026\razor-enhanced\RazorEnhanced\packages\IronPython.StdLib.3.4.2\contentFiles\any\any\lib\lib2to3\fixes\fix_throw.py
  C:\Users\Administrator\Desktop\uo2026\razor-enhanced\RazorEnhanced\packages\IronPython.StdLib.3.4.2\contentFiles\any\any\lib\lib2to3\fixes\fix_tuple_params.py
  C:\Users\Administrator\Desktop\uo2026\razor-enhanced\RazorEnhanced\packages\IronPython.StdLib.3.4.2\contentFiles\any\any\lib\lib2to3\fixes\fix_types.py
  C:\Users\Administrator\Desktop\uo2026\razor-enhanced\RazorEnhanced\packages\IronPython.StdLib.3.4.2\contentFiles\any\any\lib\lib2to3\fixes\fix_unicode.py
  C:\Users\Administrator\Desktop\uo2026\razor-enhanced\RazorEnhanced\packages\IronPython.StdLib.3.4.2\contentFiles\any\any\lib\lib2to3\fixes\fix_urllib.py
  C:\Users\Administrator\Desktop\uo2026\razor-enhanced\RazorEnhanced\packages\IronPython.StdLib.3.4.2\contentFiles\any\any\lib\lib2to3\fixes\fix_ws_comma.py
  C:\Users\Administrator\Desktop\uo2026\razor-enhanced\RazorEnhanced\packages\IronPython.StdLib.3.4.2\contentFiles\any\any\lib\lib2to3\fixes\fix_xrange.py
  C:\Users\Administrator\Desktop\uo2026\razor-enhanced\RazorEnhanced\packages\IronPython.StdLib.3.4.2\contentFiles\any\any\lib\lib2to3\fixes\fix_xreadlines.py
  C:\Users\Administrator\Desktop\uo2026\razor-enhanced\RazorEnhanced\packages\IronPython.StdLib.3.4.2\contentFiles\any\any\lib\lib2to3\fixes\fix_zip.py
  C:\Users\Administrator\Desktop\uo2026\razor-enhanced\RazorEnhanced\packages\IronPython.StdLib.3.4.2\contentFiles\any\any\lib\lib2to3\fixes\__init__.py
  C:\Users\Administrator\Desktop\uo2026\razor-enhanced\RazorEnhanced\packages\IronPython.StdLib.3.4.2\contentFiles\any\any\lib\lib2to3\pgen2\conv.py
  C:\Users\Administrator\Desktop\uo2026\razor-enhanced\RazorEnhanced\packages\IronPython.StdLib.3.4.2\contentFiles\any\any\lib\lib2to3\pgen2\driver.py
  C:\Users\Administrator\Desktop\uo2026\razor-enhanced\RazorEnhanced\packages\IronPython.StdLib.3.4.2\contentFiles\any\any\lib\lib2to3\pgen2\grammar.py
  C:\Users\Administrator\Desktop\uo2026\razor-enhanced\RazorEnhanced\packages\IronPython.StdLib.3.4.2\contentFiles\any\any\lib\lib2to3\pgen2\literals.py
  C:\Users\Administrator\Desktop\uo2026\razor-enhanced\RazorEnhanced\packages\IronPython.StdLib.3.4.2\contentFiles\any\any\lib\lib2to3\pgen2\parse.py
  C:\Users\Administrator\Desktop\uo2026\razor-enhanced\RazorEnhanced\packages\IronPython.StdLib.3.4.2\contentFiles\any\any\lib\lib2to3\pgen2\pgen.py
  C:\Users\Administrator\Desktop\uo2026\razor-enhanced\RazorEnhanced\packages\IronPython.StdLib.3.4.2\contentFiles\any\any\lib\lib2to3\pgen2\token.py
  C:\Users\Administrator\Desktop\uo2026\razor-enhanced\RazorEnhanced\packages\IronPython.StdLib.3.4.2\contentFiles\any\any\lib\lib2to3\pgen2\tokenize.py
  C:\Users\Administrator\Desktop\uo2026\razor-enhanced\RazorEnhanced\packages\IronPython.StdLib.3.4.2\contentFiles\any\any\lib\lib2to3\pgen2\__init__.py
  C:\Users\Administrator\Desktop\uo2026\razor-enhanced\RazorEnhanced\packages\IronPython.StdLib.3.4.2\contentFiles\any\any\lib\logging\config.py
  C:\Users\Administrator\Desktop\uo2026\razor-enhanced\RazorEnhanced\packages\IronPython.StdLib.3.4.2\contentFiles\any\any\lib\logging\handlers.py
  C:\Users\Administrator\Desktop\uo2026\razor-enhanced\RazorEnhanced\packages\IronPython.StdLib.3.4.2\contentFiles\any\any\lib\logging\__init__.py
  C:\Users\Administrator\Desktop\uo2026\razor-enhanced\RazorEnhanced\packages\IronPython.StdLib.3.4.2\contentFiles\any\any\lib\msilib\schema.py
  C:\Users\Administrator\Desktop\uo2026\razor-enhanced\RazorEnhanced\packages\IronPython.StdLib.3.4.2\contentFiles\any\any\lib\msilib\sequence.py
  C:\Users\Administrator\Desktop\uo2026\razor-enhanced\RazorEnhanced\packages\IronPython.StdLib.3.4.2\contentFiles\any\any\lib\msilib\text.py
  C:\Users\Administrator\Desktop\uo2026\razor-enhanced\RazorEnhanced\packages\IronPython.StdLib.3.4.2\contentFiles\any\any\lib\msilib\__init__.py
  C:\Users\Administrator\Desktop\uo2026\razor-enhanced\RazorEnhanced\packages\IronPython.StdLib.3.4.2\contentFiles\any\any\lib\multiprocessing\connection.py
  C:\Users\Administrator\Desktop\uo2026\razor-enhanced\RazorEnhanced\packages\IronPython.StdLib.3.4.2\contentFiles\any\any\lib\multiprocessing\context.py
  C:\Users\Administrator\Desktop\uo2026\razor-enhanced\RazorEnhanced\packages\IronPython.StdLib.3.4.2\contentFiles\any\any\lib\multiprocessing\forkserver.py
  C:\Users\Administrator\Desktop\uo2026\razor-enhanced\RazorEnhanced\packages\IronPython.StdLib.3.4.2\contentFiles\any\any\lib\multiprocessing\heap.py
  C:\Users\Administrator\Desktop\uo2026\razor-enhanced\RazorEnhanced\packages\IronPython.StdLib.3.4.2\contentFiles\any\any\lib\multiprocessing\managers.py
  C:\Users\Administrator\Desktop\uo2026\razor-enhanced\RazorEnhanced\packages\IronPython.StdLib.3.4.2\contentFiles\any\any\lib\multiprocessing\pool.py
  C:\Users\Administrator\Desktop\uo2026\razor-enhanced\RazorEnhanced\packages\IronPython.StdLib.3.4.2\contentFiles\any\any\lib\multiprocessing\popen_fork.py
  C:\Users\Administrator\Desktop\uo2026\razor-enhanced\RazorEnhanced\packages\IronPython.StdLib.3.4.2\contentFiles\any\any\lib\multiprocessing\popen_forkserver.py
  C:\Users\Administrator\Desktop\uo2026\razor-enhanced\RazorEnhanced\packages\IronPython.StdLib.3.4.2\contentFiles\any\any\lib\multiprocessing\popen_spawn_posix.py
  C:\Users\Administrator\Desktop\uo2026\razor-enhanced\RazorEnhanced\packages\IronPython.StdLib.3.4.2\contentFiles\any\any\lib\multiprocessing\popen_spawn_win32.py
  C:\Users\Administrator\Desktop\uo2026\razor-enhanced\RazorEnhanced\packages\IronPython.StdLib.3.4.2\contentFiles\any\any\lib\multiprocessing\process.py
  C:\Users\Administrator\Desktop\uo2026\razor-enhanced\RazorEnhanced\packages\IronPython.StdLib.3.4.2\contentFiles\any\any\lib\multiprocessing\queues.py
  C:\Users\Administrator\Desktop\uo2026\razor-enhanced\RazorEnhanced\packages\IronPython.StdLib.3.4.2\contentFiles\any\any\lib\multiprocessing\reduction.py
  C:\Users\Administrator\Desktop\uo2026\razor-enhanced\RazorEnhanced\packages\IronPython.StdLib.3.4.2\contentFiles\any\any\lib\multiprocessing\resource_sharer.py
  C:\Users\Administrator\Desktop\uo2026\razor-enhanced\RazorEnhanced\packages\IronPython.StdLib.3.4.2\contentFiles\any\any\lib\multiprocessing\semaphore_tracker.py
  C:\Users\Administrator\Desktop\uo2026\razor-enhanced\RazorEnhanced\packages\IronPython.StdLib.3.4.2\contentFiles\any\any\lib\multiprocessing\sharedctypes.py
  C:\Users\Administrator\Desktop\uo2026\razor-enhanced\RazorEnhanced\packages\IronPython.StdLib.3.4.2\contentFiles\any\any\lib\multiprocessing\spawn.py
  C:\Users\Administrator\Desktop\uo2026\razor-enhanced\RazorEnhanced\packages\IronPython.StdLib.3.4.2\contentFiles\any\any\lib\multiprocessing\synchronize.py
  C:\Users\Administrator\Desktop\uo2026\razor-enhanced\RazorEnhanced\packages\IronPython.StdLib.3.4.2\contentFiles\any\any\lib\multiprocessing\util.py
  C:\Users\Administrator\Desktop\uo2026\razor-enhanced\RazorEnhanced\packages\IronPython.StdLib.3.4.2\contentFiles\any\any\lib\multiprocessing\__init__.py
  C:\Users\Administrator\Desktop\uo2026\razor-enhanced\RazorEnhanced\packages\IronPython.StdLib.3.4.2\contentFiles\any\any\lib\multiprocessing\dummy\connection.py
  C:\Users\Administrator\Desktop\uo2026\razor-enhanced\RazorEnhanced\packages\IronPython.StdLib.3.4.2\contentFiles\any\any\lib\multiprocessing\dummy\__init__.py
  C:\Users\Administrator\Desktop\uo2026\razor-enhanced\RazorEnhanced\packages\IronPython.StdLib.3.4.2\contentFiles\any\any\lib\pydoc_data\topics.py
  C:\Users\Administrator\Desktop\uo2026\razor-enhanced\RazorEnhanced\packages\IronPython.StdLib.3.4.2\contentFiles\any\any\lib\pydoc_data\_pydoc.css
  C:\Users\Administrator\Desktop\uo2026\razor-enhanced\RazorEnhanced\packages\IronPython.StdLib.3.4.2\contentFiles\any\any\lib\pydoc_data\__init__.py
  C:\Users\Administrator\Desktop\uo2026\razor-enhanced\RazorEnhanced\packages\IronPython.StdLib.3.4.2\contentFiles\any\any\lib\site-packages\README
  C:\Users\Administrator\Desktop\uo2026\razor-enhanced\RazorEnhanced\packages\IronPython.StdLib.3.4.2\contentFiles\any\any\lib\sqlite3\dbapi2.py
  C:\Users\Administrator\Desktop\uo2026\razor-enhanced\RazorEnhanced\packages\IronPython.StdLib.3.4.2\contentFiles\any\any\lib\sqlite3\dump.py
  C:\Users\Administrator\Desktop\uo2026\razor-enhanced\RazorEnhanced\packages\IronPython.StdLib.3.4.2\contentFiles\any\any\lib\sqlite3\__init__.py
  C:\Users\Administrator\Desktop\uo2026\razor-enhanced\RazorEnhanced\packages\IronPython.StdLib.3.4.2\contentFiles\any\any\lib\turtledemo\bytedesign.py
  C:\Users\Administrator\Desktop\uo2026\razor-enhanced\RazorEnhanced\packages\IronPython.StdLib.3.4.2\contentFiles\any\any\lib\turtledemo\chaos.py
  C:\Users\Administrator\Desktop\uo2026\razor-enhanced\RazorEnhanced\packages\IronPython.StdLib.3.4.2\contentFiles\any\any\lib\turtledemo\clock.py
  C:\Users\Administrator\Desktop\uo2026\razor-enhanced\RazorEnhanced\packages\IronPython.StdLib.3.4.2\contentFiles\any\any\lib\turtledemo\colormixer.py
  C:\Users\Administrator\Desktop\uo2026\razor-enhanced\RazorEnhanced\packages\IronPython.StdLib.3.4.2\contentFiles\any\any\lib\turtledemo\forest.py
  C:\Users\Administrator\Desktop\uo2026\razor-enhanced\RazorEnhanced\packages\IronPython.StdLib.3.4.2\contentFiles\any\any\lib\turtledemo\fractalcurves.py
  C:\Users\Administrator\Desktop\uo2026\razor-enhanced\RazorEnhanced\packages\IronPython.StdLib.3.4.2\contentFiles\any\any\lib\turtledemo\lindenmayer.py
  C:\Users\Administrator\Desktop\uo2026\razor-enhanced\RazorEnhanced\packages\IronPython.StdLib.3.4.2\contentFiles\any\any\lib\turtledemo\minimal_hanoi.py
  C:\Users\Administrator\Desktop\uo2026\razor-enhanced\RazorEnhanced\packages\IronPython.StdLib.3.4.2\contentFiles\any\any\lib\turtledemo\nim.py
  C:\Users\Administrator\Desktop\uo2026\razor-enhanced\RazorEnhanced\packages\IronPython.StdLib.3.4.2\contentFiles\any\any\lib\turtledemo\paint.py
  C:\Users\Administrator\Desktop\uo2026\razor-enhanced\RazorEnhanced\packages\IronPython.StdLib.3.4.2\contentFiles\any\any\lib\turtledemo\peace.py
  C:\Users\Administrator\Desktop\uo2026\razor-enhanced\RazorEnhanced\packages\IronPython.StdLib.3.4.2\contentFiles\any\any\lib\turtledemo\penrose.py
  C:\Users\Administrator\Desktop\uo2026\razor-enhanced\RazorEnhanced\packages\IronPython.StdLib.3.4.2\contentFiles\any\any\lib\turtledemo\planet_and_moon.py
  C:\Users\Administrator\Desktop\uo2026\razor-enhanced\RazorEnhanced\packages\IronPython.StdLib.3.4.2\contentFiles\any\any\lib\turtledemo\round_dance.py
  C:\Users\Administrator\Desktop\uo2026\razor-enhanced\RazorEnhanced\packages\IronPython.StdLib.3.4.2\contentFiles\any\any\lib\turtledemo\tree.py
  C:\Users\Administrator\Desktop\uo2026\razor-enhanced\RazorEnhanced\packages\IronPython.StdLib.3.4.2\contentFiles\any\any\lib\turtledemo\turtle.cfg
  C:\Users\Administrator\Desktop\uo2026\razor-enhanced\RazorEnhanced\packages\IronPython.StdLib.3.4.2\contentFiles\any\any\lib\turtledemo\two_canvases.py
  C:\Users\Administrator\Desktop\uo2026\razor-enhanced\RazorEnhanced\packages\IronPython.StdLib.3.4.2\contentFiles\any\any\lib\turtledemo\wikipedia.py
  C:\Users\Administrator\Desktop\uo2026\razor-enhanced\RazorEnhanced\packages\IronPython.StdLib.3.4.2\contentFiles\any\any\lib\turtledemo\yinyang.py
  C:\Users\Administrator\Desktop\uo2026\razor-enhanced\RazorEnhanced\packages\IronPython.StdLib.3.4.2\contentFiles\any\any\lib\turtledemo\__init__.py
  C:\Users\Administrator\Desktop\uo2026\razor-enhanced\RazorEnhanced\packages\IronPython.StdLib.3.4.2\contentFiles\any\any\lib\turtledemo\__main__.py
  C:\Users\Administrator\Desktop\uo2026\razor-enhanced\RazorEnhanced\packages\IronPython.StdLib.3.4.2\contentFiles\any\any\lib\unittest\case.py
  C:\Users\Administrator\Desktop\uo2026\razor-enhanced\RazorEnhanced\packages\IronPython.StdLib.3.4.2\contentFiles\any\any\lib\unittest\loader.py
  C:\Users\Administrator\Desktop\uo2026\razor-enhanced\RazorEnhanced\packages\IronPython.StdLib.3.4.2\contentFiles\any\any\lib\unittest\main.py
  C:\Users\Administrator\Desktop\uo2026\razor-enhanced\RazorEnhanced\packages\IronPython.StdLib.3.4.2\contentFiles\any\any\lib\unittest\mock.py
  C:\Users\Administrator\Desktop\uo2026\razor-enhanced\RazorEnhanced\packages\IronPython.StdLib.3.4.2\contentFiles\any\any\lib\unittest\result.py
  C:\Users\Administrator\Desktop\uo2026\razor-enhanced\RazorEnhanced\packages\IronPython.StdLib.3.4.2\contentFiles\any\any\lib\unittest\runner.py
  C:\Users\Administrator\Desktop\uo2026\razor-enhanced\RazorEnhanced\packages\IronPython.StdLib.3.4.2\contentFiles\any\any\lib\unittest\signals.py
  C:\Users\Administrator\Desktop\uo2026\razor-enhanced\RazorEnhanced\packages\IronPython.StdLib.3.4.2\contentFiles\any\any\lib\unittest\suite.py
  C:\Users\Administrator\Desktop\uo2026\razor-enhanced\RazorEnhanced\packages\IronPython.StdLib.3.4.2\contentFiles\any\any\lib\unittest\util.py
  C:\Users\Administrator\Desktop\uo2026\razor-enhanced\RazorEnhanced\packages\IronPython.StdLib.3.4.2\contentFiles\any\any\lib\unittest\__init__.py
  C:\Users\Administrator\Desktop\uo2026\razor-enhanced\RazorEnhanced\packages\IronPython.StdLib.3.4.2\contentFiles\any\any\lib\unittest\__main__.py
  C:\Users\Administrator\Desktop\uo2026\razor-enhanced\RazorEnhanced\packages\IronPython.StdLib.3.4.2\contentFiles\any\any\lib\urllib\error.py
  C:\Users\Administrator\Desktop\uo2026\razor-enhanced\RazorEnhanced\packages\IronPython.StdLib.3.4.2\contentFiles\any\any\lib\urllib\parse.py
  C:\Users\Administrator\Desktop\uo2026\razor-enhanced\RazorEnhanced\packages\IronPython.StdLib.3.4.2\contentFiles\any\any\lib\urllib\request.py
  C:\Users\Administrator\Desktop\uo2026\razor-enhanced\RazorEnhanced\packages\IronPython.StdLib.3.4.2\contentFiles\any\any\lib\urllib\response.py
  C:\Users\Administrator\Desktop\uo2026\razor-enhanced\RazorEnhanced\packages\IronPython.StdLib.3.4.2\contentFiles\any\any\lib\urllib\robotparser.py
  C:\Users\Administrator\Desktop\uo2026\razor-enhanced\RazorEnhanced\packages\IronPython.StdLib.3.4.2\contentFiles\any\any\lib\urllib\__init__.py
  C:\Users\Administrator\Desktop\uo2026\razor-enhanced\RazorEnhanced\packages\IronPython.StdLib.3.4.2\contentFiles\any\any\lib\venv\__init__.py
  C:\Users\Administrator\Desktop\uo2026\razor-enhanced\RazorEnhanced\packages\IronPython.StdLib.3.4.2\contentFiles\any\any\lib\venv\__main__.py
  C:\Users\Administrator\Desktop\uo2026\razor-enhanced\RazorEnhanced\packages\IronPython.StdLib.3.4.2\contentFiles\any\any\lib\venv\scripts\nt\activate.bat
  C:\Users\Administrator\Desktop\uo2026\razor-enhanced\RazorEnhanced\packages\IronPython.StdLib.3.4.2\contentFiles\any\any\lib\venv\scripts\nt\Activate.ps1
  C:\Users\Administrator\Desktop\uo2026\razor-enhanced\RazorEnhanced\packages\IronPython.StdLib.3.4.2\contentFiles\any\any\lib\venv\scripts\nt\deactivate.bat
  C:\Users\Administrator\Desktop\uo2026\razor-enhanced\RazorEnhanced\packages\IronPython.StdLib.3.4.2\contentFiles\any\any\lib\venv\scripts\posix\activate
  C:\Users\Administrator\Desktop\uo2026\razor-enhanced\RazorEnhanced\packages\IronPython.StdLib.3.4.2\contentFiles\any\any\lib\venv\scripts\posix\activate.csh
  C:\Users\Administrator\Desktop\uo2026\razor-enhanced\RazorEnhanced\packages\IronPython.StdLib.3.4.2\contentFiles\any\any\lib\venv\scripts\posix\activate.fish
  C:\Users\Administrator\Desktop\uo2026\razor-enhanced\RazorEnhanced\packages\IronPython.StdLib.3.4.2\contentFiles\any\any\lib\wsgiref\handlers.py
  C:\Users\Administrator\Desktop\uo2026\razor-enhanced\RazorEnhanced\packages\IronPython.StdLib.3.4.2\contentFiles\any\any\lib\wsgiref\headers.py
  C:\Users\Administrator\Desktop\uo2026\razor-enhanced\RazorEnhanced\packages\IronPython.StdLib.3.4.2\contentFiles\any\any\lib\wsgiref\simple_server.py
  C:\Users\Administrator\Desktop\uo2026\razor-enhanced\RazorEnhanced\packages\IronPython.StdLib.3.4.2\contentFiles\any\any\lib\wsgiref\util.py
  C:\Users\Administrator\Desktop\uo2026\razor-enhanced\RazorEnhanced\packages\IronPython.StdLib.3.4.2\contentFiles\any\any\lib\wsgiref\validate.py
  C:\Users\Administrator\Desktop\uo2026\razor-enhanced\RazorEnhanced\packages\IronPython.StdLib.3.4.2\contentFiles\any\any\lib\wsgiref\__init__.py
  C:\Users\Administrator\Desktop\uo2026\razor-enhanced\RazorEnhanced\packages\IronPython.StdLib.3.4.2\contentFiles\any\any\lib\xml\__init__.py
  C:\Users\Administrator\Desktop\uo2026\razor-enhanced\RazorEnhanced\packages\IronPython.StdLib.3.4.2\contentFiles\any\any\lib\xml\dom\domreg.py
  C:\Users\Administrator\Desktop\uo2026\razor-enhanced\RazorEnhanced\packages\IronPython.StdLib.3.4.2\contentFiles\any\any\lib\xml\dom\expatbuilder.py
  C:\Users\Administrator\Desktop\uo2026\razor-enhanced\RazorEnhanced\packages\IronPython.StdLib.3.4.2\contentFiles\any\any\lib\xml\dom\minicompat.py
  C:\Users\Administrator\Desktop\uo2026\razor-enhanced\RazorEnhanced\packages\IronPython.StdLib.3.4.2\contentFiles\any\any\lib\xml\dom\minidom.py
  C:\Users\Administrator\Desktop\uo2026\razor-enhanced\RazorEnhanced\packages\IronPython.StdLib.3.4.2\contentFiles\any\any\lib\xml\dom\NodeFilter.py
  C:\Users\Administrator\Desktop\uo2026\razor-enhanced\RazorEnhanced\packages\IronPython.StdLib.3.4.2\contentFiles\any\any\lib\xml\dom\pulldom.py
  C:\Users\Administrator\Desktop\uo2026\razor-enhanced\RazorEnhanced\packages\IronPython.StdLib.3.4.2\contentFiles\any\any\lib\xml\dom\xmlbuilder.py
  C:\Users\Administrator\Desktop\uo2026\razor-enhanced\RazorEnhanced\packages\IronPython.StdLib.3.4.2\contentFiles\any\any\lib\xml\dom\__init__.py
  C:\Users\Administrator\Desktop\uo2026\razor-enhanced\RazorEnhanced\packages\IronPython.StdLib.3.4.2\contentFiles\any\any\lib\xml\etree\cElementTree.py
  C:\Users\Administrator\Desktop\uo2026\razor-enhanced\RazorEnhanced\packages\IronPython.StdLib.3.4.2\contentFiles\any\any\lib\xml\etree\ElementInclude.py
  C:\Users\Administrator\Desktop\uo2026\razor-enhanced\RazorEnhanced\packages\IronPython.StdLib.3.4.2\contentFiles\any\any\lib\xml\etree\ElementPath.py
  C:\Users\Administrator\Desktop\uo2026\razor-enhanced\RazorEnhanced\packages\IronPython.StdLib.3.4.2\contentFiles\any\any\lib\xml\etree\ElementTree.py
  C:\Users\Administrator\Desktop\uo2026\razor-enhanced\RazorEnhanced\packages\IronPython.StdLib.3.4.2\contentFiles\any\any\lib\xml\etree\__init__.py
  C:\Users\Administrator\Desktop\uo2026\razor-enhanced\RazorEnhanced\packages\IronPython.StdLib.3.4.2\contentFiles\any\any\lib\xml\parsers\expat.py
  C:\Users\Administrator\Desktop\uo2026\razor-enhanced\RazorEnhanced\packages\IronPython.StdLib.3.4.2\contentFiles\any\any\lib\xml\parsers\__init__.py
  C:\Users\Administrator\Desktop\uo2026\razor-enhanced\RazorEnhanced\packages\IronPython.StdLib.3.4.2\contentFiles\any\any\lib\xml\sax\expatreader.py
  C:\Users\Administrator\Desktop\uo2026\razor-enhanced\RazorEnhanced\packages\IronPython.StdLib.3.4.2\contentFiles\any\any\lib\xml\sax\handler.py
  C:\Users\Administrator\Desktop\uo2026\razor-enhanced\RazorEnhanced\packages\IronPython.StdLib.3.4.2\contentFiles\any\any\lib\xml\sax\saxutils.py
  C:\Users\Administrator\Desktop\uo2026\razor-enhanced\RazorEnhanced\packages\IronPython.StdLib.3.4.2\contentFiles\any\any\lib\xml\sax\xmlreader.py
  C:\Users\Administrator\Desktop\uo2026\razor-enhanced\RazorEnhanced\packages\IronPython.StdLib.3.4.2\contentFiles\any\any\lib\xml\sax\_exceptions.py
  C:\Users\Administrator\Desktop\uo2026\razor-enhanced\RazorEnhanced\packages\IronPython.StdLib.3.4.2\contentFiles\any\any\lib\xml\sax\__init__.py
  C:\Users\Administrator\Desktop\uo2026\razor-enhanced\RazorEnhanced\packages\IronPython.StdLib.3.4.2\contentFiles\any\any\lib\xmlrpc\client.py
  C:\Users\Administrator\Desktop\uo2026\razor-enhanced\RazorEnhanced\packages\IronPython.StdLib.3.4.2\contentFiles\any\any\lib\xmlrpc\server.py
  C:\Users\Administrator\Desktop\uo2026\razor-enhanced\RazorEnhanced\packages\IronPython.StdLib.3.4.2\contentFiles\any\any\lib\xmlrpc\__init__.py
  复制了 640 个文件
  C:\Users\Administrator\Desktop\uo2026\razor-enhanced\RazorEnhanced\BuildSupplementalFiles\NLog.config
  C:\Users\Administrator\Desktop\uo2026\razor-enhanced\RazorEnhanced\BuildSupplementalFiles\NLog.config.file+console
  C:\Users\Administrator\Desktop\uo2026\razor-enhanced\RazorEnhanced\BuildSupplementalFiles\NLog.config.nothing
  C:\Users\Administrator\Desktop\uo2026\razor-enhanced\RazorEnhanced\BuildSupplementalFiles\uo.dll
  C:\Users\Administrator\Desktop\uo2026\razor-enhanced\RazorEnhanced\BuildSupplementalFiles\UOMod.dll
  C:\Users\Administrator\Desktop\uo2026\razor-enhanced\RazorEnhanced\BuildSupplementalFiles\UOS_Documentation.html
  C:\Users\Administrator\Desktop\uo2026\razor-enhanced\RazorEnhanced\BuildSupplementalFiles\zlib.dll
  C:\Users\Administrator\Desktop\uo2026\razor-enhanced\RazorEnhanced\BuildSupplementalFiles\Config\abilities.json
  C:\Users\Administrator\Desktop\uo2026\razor-enhanced\RazorEnhanced\BuildSupplementalFiles\Config\bodies.json
  C:\Users\Administrator\Desktop\uo2026\razor-enhanced\RazorEnhanced\BuildSupplementalFiles\Config\bufficons.json
  C:\Users\Administrator\Desktop\uo2026\razor-enhanced\RazorEnhanced\BuildSupplementalFiles\Config\ContainersData.json
  C:\Users\Administrator\Desktop\uo2026\razor-enhanced\RazorEnhanced\BuildSupplementalFiles\Config\counters.json
  C:\Users\Administrator\Desktop\uo2026\razor-enhanced\RazorEnhanced\BuildSupplementalFiles\Config\DO NOT EDIT. README.txt
  C:\Users\Administrator\Desktop\uo2026\razor-enhanced\RazorEnhanced\BuildSupplementalFiles\Config\DoorData.json
  C:\Users\Administrator\Desktop\uo2026\razor-enhanced\RazorEnhanced\BuildSupplementalFiles\Config\doors.json
  C:\Users\Administrator\Desktop\uo2026\razor-enhanced\RazorEnhanced\BuildSupplementalFiles\Config\foods.json
  C:\Users\Administrator\Desktop\uo2026\razor-enhanced\RazorEnhanced\BuildSupplementalFiles\Config\gump_ignore.json
  C:\Users\Administrator\Desktop\uo2026\razor-enhanced\RazorEnhanced\BuildSupplementalFiles\Config\LinuxKeyMap.json
  C:\Users\Administrator\Desktop\uo2026\razor-enhanced\RazorEnhanced\BuildSupplementalFiles\Config\MapData.json
  C:\Users\Administrator\Desktop\uo2026\razor-enhanced\RazorEnhanced\BuildSupplementalFiles\Config\maps.json
  C:\Users\Administrator\Desktop\uo2026\razor-enhanced\RazorEnhanced\BuildSupplementalFiles\Config\NotLootableData.json
  C:\Users\Administrator\Desktop\uo2026\razor-enhanced\RazorEnhanced\BuildSupplementalFiles\Config\pf_bypass.json
  C:\Users\Administrator\Desktop\uo2026\razor-enhanced\RazorEnhanced\BuildSupplementalFiles\Config\properties.json
  C:\Users\Administrator\Desktop\uo2026\razor-enhanced\RazorEnhanced\BuildSupplementalFiles\Config\regions.json
  C:\Users\Administrator\Desktop\uo2026\razor-enhanced\RazorEnhanced\BuildSupplementalFiles\Config\skills.json
  C:\Users\Administrator\Desktop\uo2026\razor-enhanced\RazorEnhanced\BuildSupplementalFiles\Config\soundfilters.json
  C:\Users\Administrator\Desktop\uo2026\razor-enhanced\RazorEnhanced\BuildSupplementalFiles\Config\spells.json
  C:\Users\Administrator\Desktop\uo2026\razor-enhanced\RazorEnhanced\BuildSupplementalFiles\Config\wands.json
  C:\Users\Administrator\Desktop\uo2026\razor-enhanced\RazorEnhanced\BuildSupplementalFiles\Config\weapons.json
  C:\Users\Administrator\Desktop\uo2026\razor-enhanced\RazorEnhanced\BuildSupplementalFiles\Config\WindowsKeyMap.json
  C:\Users\Administrator\Desktop\uo2026\razor-enhanced\RazorEnhanced\BuildSupplementalFiles\Definitions\Atlas.def
  C:\Users\Administrator\Desktop\uo2026\razor-enhanced\RazorEnhanced\BuildSupplementalFiles\Definitions\common.def
  C:\Users\Administrator\Desktop\uo2026\razor-enhanced\RazorEnhanced\BuildSupplementalFiles\Definitions\Dungeons.def
  C:\Users\Administrator\Desktop\uo2026\razor-enhanced\RazorEnhanced\BuildSupplementalFiles\Definitions\guardlines.def
  C:\Users\Administrator\Desktop\uo2026\razor-enhanced\RazorEnhanced\BuildSupplementalFiles\Definitions\ML.def
  C:\Users\Administrator\Desktop\uo2026\razor-enhanced\RazorEnhanced\BuildSupplementalFiles\Definitions\NewHaven.def
  C:\Users\Administrator\Desktop\uo2026\razor-enhanced\RazorEnhanced\BuildSupplementalFiles\Definitions\OldHaven.def
  C:\Users\Administrator\Desktop\uo2026\razor-enhanced\RazorEnhanced\BuildSupplementalFiles\Definitions\Personal.def
  C:\Users\Administrator\Desktop\uo2026\razor-enhanced\RazorEnhanced\BuildSupplementalFiles\Definitions\Rares.def
  C:\Users\Administrator\Desktop\uo2026\razor-enhanced\RazorEnhanced\BuildSupplementalFiles\Definitions\Spells.def
  C:\Users\Administrator\Desktop\uo2026\razor-enhanced\RazorEnhanced\BuildSupplementalFiles\Definitions\Stealables.def
  C:\Users\Administrator\Desktop\uo2026\razor-enhanced\RazorEnhanced\BuildSupplementalFiles\Definitions\TokunoIslands.def
  C:\Users\Administrator\Desktop\uo2026\razor-enhanced\RazorEnhanced\BuildSupplementalFiles\Definitions\Treasure.def
  C:\Users\Administrator\Desktop\uo2026\razor-enhanced\RazorEnhanced\BuildSupplementalFiles\Definitions\TreasurePF.def
  C:\Users\Administrator\Desktop\uo2026\razor-enhanced\RazorEnhanced\BuildSupplementalFiles\Language\Razor_lang.ENU
  C:\Users\Administrator\Desktop\uo2026\razor-enhanced\RazorEnhanced\BuildSupplementalFiles\Lib\AutoComplete.py
  C:\Users\Administrator\Desktop\uo2026\razor-enhanced\RazorEnhanced\BuildSupplementalFiles\Lib\RE\__init__.py
  C:\Users\Administrator\Desktop\uo2026\razor-enhanced\RazorEnhanced\BuildSupplementalFiles\Scripts\Assemblies.cfg
  C:\Users\Administrator\Desktop\uo2026\razor-enhanced\RazorEnhanced\BuildSupplementalFiles\Scripts\Examples\CSharp_Forms.cs
  C:\Users\Administrator\Desktop\uo2026\razor-enhanced\RazorEnhanced\BuildSupplementalFiles\Scripts\Examples\CSharp_ItemContainerCounter.cs
  C:\Users\Administrator\Desktop\uo2026\razor-enhanced\RazorEnhanced\BuildSupplementalFiles\Scripts\Examples\CSharp_ItemImageSave.cs
  C:\Users\Administrator\Desktop\uo2026\razor-enhanced\RazorEnhanced\BuildSupplementalFiles\Scripts\Examples\CSharp_SuggestedWorkflow.txt
  C:\Users\Administrator\Desktop\uo2026\razor-enhanced\RazorEnhanced\BuildSupplementalFiles\Scripts\Examples\Test_CheckEquippedDurability.py
  C:\Users\Administrator\Desktop\uo2026\razor-enhanced\RazorEnhanced\BuildSupplementalFiles\Scripts\Examples\Test_MouseLocation.py
  C:\Users\Administrator\Desktop\uo2026\razor-enhanced\RazorEnhanced\BuildSupplementalFiles\Scripts\Examples\Test_Timer.py
  C:\Users\Administrator\Desktop\uo2026\razor-enhanced\RazorEnhanced\BuildSupplementalFiles\Scripts\Examples\THESE FILES MAY BE REPLACED IN AN UPGRADE.txt
  复制了 56 个文件
